Hour,start_timestamp,Busyness Predicted,Taxi Zone ID
0,1691017200.0,-0.5582813,100
1,1691020800.0,-0.649403,100
2,1691024400.0,-0.72541606,100
3,1691028000.0,-0.65466094,100
4,1691031600.0,-0.6533898,100
5,1691035200.0,-0.7320241,100
6,1691038800.0,-0.48600447,100
7,1691042400.0,-0.2789789,100
8,1691046000.0,0.048946187,100
9,1691049600.0,-0.0904848,100
10,1691053200.0,-0.40731624,100
11,1691056800.0,-0.39016405,100
12,1691060400.0,-0.292825,100
13,1691064000.0,-0.22132428,100
14,1691067600.0,-0.13336352,100
15,1691071200.0,0.03736628,100
16,1691074800.0,0.15434934,100
17,1691078400.0,0.49290365,100
18,1691082000.0,0.500088,100
19,1691085600.0,0.084027745,100
20,1691089200.0,-0.009486305,100
21,1691092800.0,-0.25402716,100
22,1691096400.0,-0.33500773,100
23,1691100000.0,-0.5112896,100
0,1691017200.0,-0.52655303,107
1,1691020800.0,-0.5995321,107
2,1691024400.0,-0.6524669,107
3,1691028000.0,-0.5904082,107
4,1691031600.0,-0.611645,107
5,1691035200.0,-0.66086406,107
6,1691038800.0,-0.39279807,107
7,1691042400.0,-0.13963811,107
8,1691046000.0,0.17517275,107
9,1691049600.0,-0.03736462,107
10,1691053200.0,-0.11124229,107
11,1691056800.0,-0.09409008,107
12,1691060400.0,0.018730475,107
13,1691064000.0,0.09023133,107
14,1691067600.0,0.12331727,107
15,1691071200.0,0.294047,107
16,1691074800.0,0.5063031,107
17,1691078400.0,0.8621579,107
18,1691082000.0,0.86934227,107
19,1691085600.0,0.37700334,107
20,1691089200.0,0.1784186,107
21,1691092800.0,-0.14884712,107
22,1691096400.0,-0.22982764,107
23,1691100000.0,-0.39834976,107
0,1691017200.0,-0.56558084,113
1,1691020800.0,-0.6466168,113
2,1691024400.0,-0.74847937,113
3,1691028000.0,-0.6374928,113
4,1691031600.0,-0.63622165,113
5,1691035200.0,-0.7343685,113
6,1691038800.0,-0.41037488,113
7,1691042400.0,-0.16306919,113
8,1691046000.0,0.2587132,113
9,1691049600.0,0.15404665,113
10,1691053200.0,-0.12566991,113
11,1691056800.0,-0.10851773,113
12,1691060400.0,0.022742491,113
13,1691064000.0,0.09424328,113
14,1691067600.0,0.18220398,113
15,1691071200.0,0.35293365,113
16,1691074800.0,0.5295347,113
17,1691078400.0,0.8680889,113
18,1691082000.0,0.80882114,113
19,1691085600.0,0.31465045,113
20,1691089200.0,0.04425505,113
21,1691092800.0,-0.24094443,113
22,1691096400.0,-0.35055864,113
23,1691100000.0,-0.635553,113
0,1691017200.0,-0.5635947,114
1,1691020800.0,-0.6372522,114
2,1691024400.0,-0.713835,114
3,1691028000.0,-0.6281282,114
4,1691031600.0,-0.62685704,114
5,1691035200.0,-0.69972414,114
6,1691038800.0,-0.33495808,114
7,1691042400.0,-0.020723464,114
8,1691046000.0,0.42701623,114
9,1691049600.0,0.4274153,114
10,1691053200.0,0.14769877,114
11,1691056800.0,0.16485097,114
12,1691060400.0,0.29671597,114
13,1691064000.0,0.36821675,114
14,1691067600.0,0.55862343,114
15,1691071200.0,0.91659987,114
16,1691074800.0,1.0932004,114
17,1691078400.0,1.6072842,114
18,1691082000.0,1.6144687,114
19,1691085600.0,1.1202981,114
20,1691089200.0,0.45997098,114
21,1691092800.0,-0.103726804,114
22,1691096400.0,-0.23923045,114
23,1691100000.0,-0.5436643,114
0,1691017200.0,-0.6037487,116
1,1691020800.0,-0.6605141,116
2,1691024400.0,-0.70764804,116
3,1691028000.0,-0.6513902,116
4,1691031600.0,-0.65011895,116
5,1691035200.0,-0.6935372,116
6,1691038800.0,-0.4155248,116
7,1691042400.0,-0.24064012,116
8,1691046000.0,0.06732164,116
9,1691049600.0,-0.07863218,116
10,1691053200.0,-0.3583487,116
11,1691056800.0,-0.3411965,116
12,1691060400.0,-0.25264642,116
13,1691064000.0,-0.18114565,116
14,1691067600.0,-0.0689144,116
15,1691071200.0,0.10181532,116
16,1691074800.0,0.20030569,116
17,1691078400.0,0.48599103,116
18,1691082000.0,0.49317542,116
19,1691085600.0,-0.0009953517,116
20,1691089200.0,-0.10038154,116
21,1691092800.0,-0.33222854,116
22,1691096400.0,-0.43620688,116
23,1691100000.0,-0.6407707,116
0,1691017200.0,-0.5592661,12
1,1691020800.0,-0.64030194,12
2,1691024400.0,-0.6850754,12
3,1691028000.0,-0.64470196,12
4,1691031600.0,-0.65846574,12
5,1691035200.0,-0.72385603,12
6,1691038800.0,-0.4999178,12
7,1691042400.0,-0.1953712,12
8,1691046000.0,0.22641121,12
9,1691049600.0,0.0804575,12
10,1691053200.0,-0.18578546,12
11,1691056800.0,-0.16863327,12
12,1691060400.0,-0.055812765,12
13,1691064000.0,0.015688132,12
14,1691067600.0,0.10364889,12
15,1691071200.0,0.27437854,12
16,1691074800.0,0.45097956,12
17,1691078400.0,0.78328186,12
18,1691082000.0,0.79046625,12
19,1691085600.0,0.29629555,12
20,1691089200.0,0.028067222,12
21,1691092800.0,-0.23597005,12
22,1691096400.0,-0.30427128,12
23,1691100000.0,-0.3909405,12
0,1691017200.0,-0.69245064,120
1,1691020800.0,-0.7278109,120
2,1691024400.0,-0.7186068,120
3,1691028000.0,-0.7186869,120
4,1691031600.0,-0.7453868,120
5,1691035200.0,-0.7117862,120
6,1691038800.0,-0.5444072,120
7,1691042400.0,-0.5099835,120
8,1691046000.0,-0.19399808,120
9,1691049600.0,-0.36930808,120
10,1691053200.0,-0.6555072,120
11,1691056800.0,-0.638355,120
12,1691060400.0,-0.559003,120
13,1691064000.0,-0.559003,120
14,1691067600.0,-0.4391615,120
15,1691071200.0,-0.4175414,120
16,1691074800.0,-0.28809136,120
17,1691078400.0,0.013851852,120
18,1691082000.0,0.021036273,120
19,1691085600.0,-0.4584396,120
20,1691089200.0,-0.34984386,120
21,1691092800.0,-0.5401009,120
22,1691096400.0,-0.53313345,120
23,1691100000.0,-0.6660143,120
0,1691017200.0,-0.5736322,125
1,1691020800.0,-0.6350119,125
2,1691024400.0,-0.64369667,125
3,1691028000.0,-0.6258879,125
4,1691031600.0,-0.62461674,125
5,1691035200.0,-0.63494927,125
6,1691038800.0,-0.2952706,125
7,1691042400.0,0.068355106,125
8,1691046000.0,0.5638483,125
9,1691049600.0,0.29320002,125
10,1691053200.0,0.22753493,125
11,1691056800.0,0.52460635,125
12,1691060400.0,1.0591233,125
13,1691064000.0,1.5200509,125
14,1691067600.0,1.8431145,125
15,1691071200.0,2.0138452,125
16,1691074800.0,2.190447,125
17,1691078400.0,1.7000722,125
18,1691082000.0,1.6432118,125
19,1691085600.0,1.1256523,125
20,1691089200.0,0.37080222,125
21,1691092800.0,0.05161548,125
22,1691096400.0,-0.037444048,125
23,1691100000.0,-0.2570612,125
0,1691017200.0,0.13965656,127
1,1691020800.0,-0.20794956,127
2,1691024400.0,-0.41165045,127
3,1691028000.0,-0.27446383,127
4,1691031600.0,-0.35728794,127
5,1691035200.0,-0.47317788,127
6,1691038800.0,-0.038785532,127
7,1691042400.0,0.27925813,127
8,1691046000.0,1.1242555,127
9,1691049600.0,0.8794491,127
10,1691053200.0,0.54395366,127
11,1691056800.0,0.65702164,127
12,1691060400.0,2.2467067,127
13,1691064000.0,2.3182075,127
14,1691067600.0,1.9630516,127
15,1691071200.0,2.68878,127
16,1691074800.0,2.865381,127
17,1691078400.0,4.009813,127
18,1691082000.0,4.0169973,127
19,1691085600.0,3.3186977,127
20,1691089200.0,2.0808814,127
21,1691092800.0,2.019264,127
22,1691096400.0,1.8953156,127
23,1691100000.0,1.0803175,127
0,1691017200.0,-0.30514508,13
1,1691020800.0,-0.40747,13
2,1691024400.0,-0.5488753,13
3,1691028000.0,-0.46216407,13
4,1691031600.0,-0.46089283,13
5,1691035200.0,-0.49892485,13
6,1691038800.0,0.0002856771,13
7,1691042400.0,0.5728165,13
8,1691046000.0,1.004018,13
9,1691049600.0,0.9124631,13
10,1691053200.0,0.63274664,13
11,1691056800.0,0.81144935,13
12,1691060400.0,1.2998157,13
13,1691064000.0,1.3713161,13
14,1691067600.0,1.3059055,13
15,1691071200.0,1.3801512,13
16,1691074800.0,1.9534017,13
17,1691078400.0,2.5072787,13
18,1691082000.0,2.4179792,13
19,1691085600.0,1.8704824,13
20,1691089200.0,1.168113,13
21,1691092800.0,0.8952464,13
22,1691096400.0,0.7598668,13
23,1691100000.0,0.10312253,13
0,1691017200.0,-0.5397775,137
1,1691020800.0,-0.6208135,137
2,1691024400.0,-0.701033,137
3,1691028000.0,-0.61168945,137
4,1691031600.0,-0.6130506,137
5,1691035200.0,-0.68692213,137
6,1691038800.0,-0.31249,137
7,1691042400.0,0.0017446077,137
8,1691046000.0,0.5359472,137
9,1691049600.0,0.3899935,137
10,1691053200.0,0.11027699,137
11,1691056800.0,0.19499235,137
12,1691060400.0,0.30781275,137
13,1691064000.0,0.37931383,137
14,1691067600.0,0.5283878,137
15,1691071200.0,0.62736833,137
16,1691074800.0,0.9219929,137
17,1691078400.0,1.306582,137
18,1691082000.0,1.3137665,137
19,1691085600.0,0.7817456,137
20,1691089200.0,0.4527451,137
21,1691092800.0,-0.010950307,137
22,1691096400.0,-0.09193102,137
23,1691100000.0,-0.37692526,137
0,1691017200.0,-0.30224112,140
1,1691020800.0,-0.41998768,140
2,1691024400.0,-0.647575,140
3,1691028000.0,-0.58746314,140
4,1691031600.0,-0.60395133,140
5,1691035200.0,-0.6965385,140
6,1691038800.0,-0.3681865,140
7,1691042400.0,-0.053951904,140
8,1691046000.0,0.5203251,140
9,1691049600.0,0.42017013,140
10,1691053200.0,0.18572834,140
11,1691056800.0,0.41213757,140
12,1691060400.0,0.35339323,140
13,1691064000.0,0.42489403,140
14,1691067600.0,0.7027123,140
15,1691071200.0,0.87344193,140
16,1691074800.0,0.869231,140
17,1691078400.0,1.4324243,140
18,1691082000.0,1.4396088,140
19,1691085600.0,1.0341113,140
20,1691089200.0,0.4455511,140
21,1691092800.0,0.05772685,140
22,1691096400.0,-0.06068625,140
23,1691100000.0,-0.29408893,140
0,1691017200.0,-0.74025893,141
1,1691020800.0,-0.79702437,141
2,1691024400.0,-0.7237593,141
3,1691028000.0,-0.7364273,141
4,1691031600.0,-0.7351562,141
5,1691035200.0,-0.70964843,141
6,1691038800.0,-0.58265036,141
7,1691042400.0,-0.4978588,141
8,1691046000.0,-0.28231016,141
9,1691049600.0,-0.45963427,141
10,1691053200.0,-0.5853087,141
11,1691056800.0,-0.58112264,141
12,1691060400.0,-0.4912779,141
13,1691064000.0,-0.4197772,141
14,1691067600.0,-0.35381156,141
15,1691071200.0,-0.37554854,141
16,1691074800.0,-0.22321802,141
17,1691078400.0,-0.0023380504,141
18,1691082000.0,0.004846373,141
19,1691085600.0,-0.3746253,141
20,1691089200.0,-0.33152026,141
21,1691092800.0,-0.5945963,141
22,1691096400.0,-0.5905449,141
23,1691100000.0,-0.63760525,141
0,1691017200.0,-0.6769607,142
1,1691020800.0,-0.7178842,142
2,1691024400.0,-0.7516,142
3,1691028000.0,-0.70876014,142
4,1691031600.0,-0.707489,142
5,1691035200.0,-0.7360887,142
6,1691038800.0,-0.43650392,142
7,1691042400.0,-0.30661923,142
8,1691046000.0,-0.09927722,142
9,1691049600.0,-0.30368656,142
10,1691053200.0,-0.583403,142
11,1691056800.0,-0.5662508,142
12,1691060400.0,-0.5211433,142
13,1691064000.0,-0.44964257,142
14,1691067600.0,-0.34149188,142
15,1691071200.0,-0.21585944,142
16,1691074800.0,-0.06352884,142
17,1691078400.0,0.2066463,142
18,1691082000.0,0.21383071,142
19,1691085600.0,-0.28033987,142
20,1691089200.0,-0.34157875,142
21,1691092800.0,-0.5164831,142
22,1691096400.0,-0.55631,142
23,1691100000.0,-0.8021828,142
0,1691017200.0,-0.55560136,143
1,1691020800.0,-0.63663733,143
2,1691024400.0,-0.6928067,143
3,1691028000.0,-0.6275133,143
4,1691031600.0,-0.62624216,143
5,1691035200.0,-0.68188506,143
6,1691038800.0,-0.21859716,143
7,1691042400.0,0.07545804,143
8,1691046000.0,0.5842356,143
9,1691049600.0,0.25082952,143
10,1691053200.0,-0.02888699,143
11,1691056800.0,-0.011734794,143
12,1691060400.0,0.0818822,143
13,1691064000.0,0.15338299,143
14,1691067600.0,0.26054725,143
15,1691071200.0,0.431277,143
16,1691074800.0,0.58867455,143
17,1691078400.0,0.9984529,143
18,1691082000.0,1.0056374,143
19,1691085600.0,0.51146686,143
20,1691089200.0,0.33411202,143
21,1691092800.0,-0.26912746,143
22,1691096400.0,-0.27488506,143
23,1691100000.0,-0.513494,143
0,1691017200.0,-0.5540894,144
1,1691020800.0,-0.6351253,144
2,1691024400.0,-0.70102656,144
3,1691028000.0,-0.62600136,144
4,1691031600.0,-0.6247301,144
5,1691035200.0,-0.67869323,144
6,1691038800.0,-0.34474552,144
7,1691042400.0,-0.03051109,144
8,1691046000.0,0.4029573,144
9,1691049600.0,0.16412915,144
10,1691053200.0,-0.11558748,144
11,1691056800.0,-0.09843529,144
12,1691060400.0,0.014385347,144
13,1691064000.0,0.08588616,144
14,1691067600.0,0.15007716,144
15,1691071200.0,0.41906363,144
16,1691074800.0,0.5517487,144
17,1691078400.0,0.890303,144
18,1691082000.0,0.8858513,144
19,1691085600.0,0.39168054,144
20,1691089200.0,0.10697624,144
21,1691092800.0,-0.2202895,144
22,1691096400.0,-0.30127007,144
23,1691100000.0,-0.5745783,144
0,1691017200.0,0.50240135,148
1,1691020800.0,0.34015873,148
2,1691024400.0,-0.13798796,148
3,1691028000.0,-0.044767484,148
4,1691031600.0,-0.020192746,148
5,1691035200.0,-0.29990792,148
6,1691038800.0,0.3230337,148
7,1691042400.0,0.9287043,148
8,1691046000.0,1.4936072,148
9,1691049600.0,1.6874211,148
10,1691053200.0,1.6263597,148
11,1691056800.0,1.424857,148
12,1691060400.0,2.0448172,148
13,1691064000.0,2.5064223,148
14,1691067600.0,2.439424,148
15,1691071200.0,2.4741511,148
16,1691074800.0,2.8963184,148
17,1691078400.0,3.7309663,148
18,1691082000.0,3.2836182,148
19,1691085600.0,2.7400002,148
20,1691089200.0,2.209086,148
21,1691092800.0,1.6843637,148
22,1691096400.0,1.6033832,148
23,1691100000.0,0.34066784,148
0,1691017200.0,-0.24912634,151
1,1691020800.0,-0.33016223,151
2,1691024400.0,-0.36511168,151
3,1691028000.0,-0.32103822,151
4,1691031600.0,-0.31976703,151
5,1691035200.0,-0.3183993,151
6,1691038800.0,-0.03096784,151
7,1691042400.0,0.28326684,151
8,1691046000.0,1.0819126,151
9,1691049600.0,0.96160614,151
10,1691053200.0,0.68188953,151
11,1691056800.0,0.8624966,151
12,1691060400.0,1.0067403,151
13,1691064000.0,1.0782408,151
14,1691067600.0,1.5216864,151
15,1691071200.0,1.8630221,151
16,1691074800.0,2.3571672,151
17,1691078400.0,2.8059146,151
18,1691082000.0,2.813099,151
19,1691085600.0,2.331085,151
20,1691089200.0,1.9675101,151
21,1691092800.0,0.92751503,151
22,1691096400.0,0.78458655,151
23,1691100000.0,0.56154,151
0,1691017200.0,-0.47113633,152
1,1691020800.0,-0.5513816,152
2,1691024400.0,-0.6142504,152
3,1691028000.0,-0.2336297,152
4,1691031600.0,-0.5397576,152
5,1691035200.0,-0.60013956,152
6,1691038800.0,-0.28527722,152
7,1691042400.0,0.028957365,152
8,1691046000.0,0.5145113,152
9,1691049600.0,0.3677668,152
10,1691053200.0,0.08805025,152
11,1691056800.0,0.05218409,152
12,1691060400.0,0.16500463,152
13,1691064000.0,0.41975605,152
14,1691067600.0,0.50771683,152
15,1691071200.0,0.7994587,152
16,1691074800.0,1.4083585,152
17,1691078400.0,1.7413635,152
18,1691082000.0,1.1883695,152
19,1691085600.0,0.31267115,152
20,1691089200.0,0.02684094,152
21,1691092800.0,-0.16791281,152
22,1691096400.0,-0.24338092,152
23,1691100000.0,-0.4109612,152
0,1691017200.0,-0.46523136,158
1,1691020800.0,-0.56571054,158
2,1691024400.0,-0.62668216,158
3,1691028000.0,-0.5565865,158
4,1691031600.0,-0.53869975,158
5,1691035200.0,-0.6125713,158
6,1691038800.0,-0.28421953,158
7,1691042400.0,0.34316492,158
8,1691046000.0,1.44609,158
9,1691049600.0,1.3001362,158
10,1691053200.0,0.82474875,158
11,1691056800.0,0.84190094,158
12,1691060400.0,0.97048783,158
13,1691064000.0,1.0419887,158
14,1691067600.0,1.114183,158
15,1691071200.0,1.2849127,158
16,1691074800.0,1.4809568,158
17,1691078400.0,1.844947,158
18,1691082000.0,1.9980108,158
19,1691085600.0,1.3579608,158
20,1691089200.0,1.1086913,158
21,1691092800.0,0.4356714,158
22,1691096400.0,0.18293446,158
23,1691100000.0,-0.101629846,158
0,1691017200.0,-0.44452935,161
1,1691020800.0,-0.60418624,161
2,1691024400.0,-0.6841392,161
3,1691028000.0,-0.5902615,161
4,1691031600.0,-0.58899033,161
5,1691035200.0,-0.6628619,161
6,1691038800.0,-0.33451012,161
7,1691042400.0,0.12309342,161
8,1691046000.0,0.88562214,161
9,1691049600.0,0.7398815,161
10,1691053200.0,0.5600163,161
11,1691056800.0,0.6871699,161
12,1691060400.0,1.2168933,161
13,1691064000.0,1.2883941,161
14,1691067600.0,1.3047878,161
15,1691071200.0,1.325887,161
16,1691074800.0,1.5811087,161
17,1691078400.0,2.3737612,161
18,1691082000.0,2.7109678,161
19,1691085600.0,1.9047737,161
20,1691089200.0,1.1960325,161
21,1691092800.0,0.48676997,161
22,1691096400.0,0.05900735,161
23,1691100000.0,-0.31369156,161
0,1691017200.0,-0.52416563,162
1,1691020800.0,-0.6052015,162
2,1691024400.0,-0.6827887,162
3,1691028000.0,-0.6084111,162
4,1691031600.0,-0.60713995,162
5,1691035200.0,-0.7119102,162
6,1691038800.0,-0.35265967,162
7,1691042400.0,-0.08539791,162
8,1691046000.0,0.5135897,162
9,1691049600.0,0.7335525,162
10,1691053200.0,0.47464907,162
11,1691056800.0,0.49180126,162
12,1691060400.0,0.5772746,162
13,1691064000.0,0.67145586,162
14,1691067600.0,0.7666172,162
15,1691071200.0,0.93734694,162
16,1691074800.0,1.1139475,162
17,1691078400.0,1.4525018,162
18,1691082000.0,1.4596863,162
19,1691085600.0,0.9655163,162
20,1691089200.0,0.39652926,162
21,1691092800.0,0.06749925,162
22,1691096400.0,-0.052609727,162
23,1691100000.0,-0.33019307,162
0,1691017200.0,-0.7757058,163
1,1691020800.0,-0.8015517,163
2,1691024400.0,-0.79857564,163
3,1691028000.0,-0.7924278,163
4,1691031600.0,-0.79115653,163
5,1691035200.0,-0.79930717,163
6,1691038800.0,-0.6199996,163
7,1691042400.0,-0.5709464,163
8,1691046000.0,-0.3298432,163
9,1691049600.0,-0.5179615,163
10,1691053200.0,-0.7925453,163
11,1691056800.0,-0.7753931,163
12,1691060400.0,-0.6625726,163
13,1691064000.0,-0.6495969,163
14,1691067600.0,-0.6045847,163
15,1691071200.0,-0.55610144,163
16,1691074800.0,-0.40483025,163
17,1691078400.0,-0.12352472,163
18,1691082000.0,-0.116340294,163
19,1691085600.0,-0.47018477,163
20,1691089200.0,-0.4320565,163
21,1691092800.0,-0.6864392,163
22,1691096400.0,-0.6414514,163
23,1691100000.0,-0.8815846,163
0,1691017200.0,-0.70431983,164
1,1691020800.0,-0.7853558,164
2,1691024400.0,-0.7364818,164
3,1691028000.0,-0.75588155,164
4,1691031600.0,-0.7546103,164
5,1691035200.0,-0.70649844,164
6,1691038800.0,-0.6516982,164
7,1691042400.0,-0.6122412,164
8,1691046000.0,-0.3837838,164
9,1691049600.0,-0.5429759,164
10,1691053200.0,-0.78116274,164
11,1691056800.0,-0.76401055,164
12,1691060400.0,-0.68932486,164
13,1691064000.0,-0.6763493,164
14,1691067600.0,-0.58116305,164
15,1691071200.0,-0.53050804,164
16,1691074800.0,-0.46867487,164
17,1691078400.0,-0.26011196,164
18,1691082000.0,-0.2529275,164
19,1691085600.0,-0.57172894,164
20,1691089200.0,-0.5620422,164
21,1691092800.0,-0.6549493,164
22,1691096400.0,-0.63627833,164
23,1691100000.0,-0.79261374,164
0,1691017200.0,-0.72764313,166
1,1691020800.0,-0.7728858,166
2,1691024400.0,-0.7633513,166
3,1691028000.0,-0.7561486,166
4,1691031600.0,-0.75487745,166
5,1691035200.0,-0.7130354,166
6,1691038800.0,-0.65004927,166
7,1691042400.0,-0.66604215,166
8,1691046000.0,-0.42103752,166
9,1691049600.0,-0.5608845,166
10,1691053200.0,-0.8009347,166
11,1691056800.0,-0.7837825,166
12,1691060400.0,-0.69953346,166
13,1691064000.0,-0.64713156,166
14,1691067600.0,-0.5747994,166
15,1691071200.0,-0.5311682,166
16,1691074800.0,-0.48391226,166
17,1691078400.0,-0.32278183,166
18,1691082000.0,-0.31559741,166
19,1691085600.0,-0.62517464,166
20,1691089200.0,-0.5329757,166
21,1691092800.0,-0.72202146,166
22,1691096400.0,-0.7387147,166
23,1691100000.0,-0.7115363,166
0,1691017200.0,-0.5463681,170
1,1691020800.0,-0.6274041,170
2,1691024400.0,-0.70499134,170
3,1691028000.0,-0.61828005,170
4,1691031600.0,-0.6170089,170
5,1691035200.0,-0.6908805,170
6,1691038800.0,-0.36252844,170
7,1691042400.0,-0.04829391,170
8,1691046000.0,0.37348846,170
9,1691049600.0,0.22753471,170
10,1691053200.0,-0.052181806,170
11,1691056800.0,-0.0350296,170
12,1691060400.0,0.07779096,170
13,1691064000.0,0.14929174,170
14,1691067600.0,0.23725241,170
15,1691071200.0,0.40798217,170
16,1691074800.0,0.5845833,170
17,1691078400.0,0.9231374,170
18,1691082000.0,0.9303218,170
19,1691085600.0,0.43615115,170
20,1691089200.0,0.19438925,170
21,1691092800.0,-0.1328764,170
22,1691096400.0,-0.21385702,170
23,1691100000.0,-0.49885133,170
0,1691017200.0,-0.49244273,186
1,1691020800.0,-0.5734787,186
2,1691024400.0,-0.61974025,186
3,1691028000.0,-0.56435466,186
4,1691031600.0,-0.5630835,186
5,1691035200.0,-0.6327407,186
6,1691038800.0,-0.34991923,186
7,1691042400.0,-0.21477659,186
8,1691046000.0,0.1698051,186
9,1691049600.0,0.028185122,186
10,1691053200.0,-0.25153157,186
11,1691056800.0,-0.23437941,186
12,1691060400.0,-0.12155878,186
13,1691064000.0,-0.05005795,186
14,1691067600.0,0.037902806,186
15,1691071200.0,0.20863247,186
16,1691074800.0,0.3362417,186
17,1691078400.0,0.6747959,186
18,1691082000.0,0.6819803,186
19,1691085600.0,0.18780968,186
20,1691089200.0,0.15872294,186
21,1691092800.0,-0.1685428,186
22,1691096400.0,-0.2495234,186
23,1691100000.0,-0.5296094,186
0,1691017200.0,-0.38727197,209
1,1691020800.0,-0.5183899,209
2,1691024400.0,-0.5614519,209
3,1691028000.0,-0.47474062,209
4,1691031600.0,-0.47346944,209
5,1691035200.0,-0.38695154,209
6,1691038800.0,0.05076589,209
7,1691042400.0,1.3386823,209
8,1691046000.0,1.7338665,209
9,1691049600.0,1.0791731,209
10,1691053200.0,0.9697363,209
11,1691056800.0,1.056287,209
12,1691060400.0,0.60149735,209
13,1691064000.0,0.67299825,209
14,1691067600.0,0.76095897,209
15,1691071200.0,0.8019704,209
16,1691074800.0,1.0479699,209
17,1691078400.0,1.3865244,209
18,1691082000.0,1.32431,209
19,1691085600.0,0.8301394,209
20,1691089200.0,0.47290513,209
21,1691092800.0,0.1456395,209
22,1691096400.0,0.06465886,209
23,1691100000.0,-0.22033538,209
0,1691017200.0,-0.29767972,211
1,1691020800.0,-0.37871552,211
2,1691024400.0,-0.42768496,211
3,1691028000.0,-0.3695916,211
4,1691031600.0,-0.3683204,211
5,1691035200.0,-0.41488132,211
6,1691038800.0,0.56834835,211
7,1691042400.0,1.3432693,211
8,1691046000.0,1.8034325,211
9,1691049600.0,1.3856634,211
10,1691053200.0,0.8864132,211
11,1691056800.0,1.0146631,211
12,1691060400.0,0.9118614,211
13,1691064000.0,0.9833623,211
14,1691067600.0,1.1927216,211
15,1691071200.0,1.4457518,211
16,1691074800.0,2.1002889,211
17,1691078400.0,2.277096,211
18,1691082000.0,2.0857575,211
19,1691085600.0,1.3705583,211
20,1691089200.0,0.4353796,211
21,1691092800.0,0.13506007,211
22,1691096400.0,0.05407955,211
23,1691100000.0,-0.2677184,211
0,1691017200.0,-0.39899418,224
1,1691020800.0,-0.55786645,224
2,1691024400.0,-0.62978995,224
3,1691028000.0,-0.6025009,224
4,1691031600.0,-0.6012298,224
5,1691035200.0,-0.67510134,224
6,1691038800.0,-0.3467493,224
7,1691042400.0,-0.0760655,224
8,1691046000.0,0.3457168,224
9,1691049600.0,0.1997632,224
10,1691053200.0,-0.079953365,224
11,1691056800.0,-0.06280117,224
12,1691060400.0,0.05001939,224
13,1691064000.0,0.1215202,224
14,1691067600.0,0.20948088,224
15,1691071200.0,0.38021064,224
16,1691074800.0,0.5568117,224
17,1691078400.0,0.8953659,224
18,1691082000.0,0.9025503,224
19,1691085600.0,0.4083796,224
20,1691089200.0,0.16661769,224
21,1691092800.0,-0.160648,224
22,1691096400.0,-0.24162853,224
23,1691100000.0,-0.52662283,224
0,1691017200.0,-0.4207592,229
1,1691020800.0,-0.4994198,229
2,1691024400.0,-0.5877135,229
3,1691028000.0,-0.49029583,229
4,1691031600.0,-0.48902464,229
5,1691035200.0,-0.4197235,229
6,1691038800.0,-0.047721498,229
7,1691042400.0,0.30722788,229
8,1691046000.0,0.85834724,229
9,1691049600.0,0.6791985,229
10,1691053200.0,0.36126468,229
11,1691056800.0,0.92918587,229
12,1691060400.0,1.2711563,229
13,1691064000.0,1.3426571,229
14,1691067600.0,1.7264122,229
15,1691071200.0,1.948302,229
16,1691074800.0,2.2998767,229
17,1691078400.0,2.5023813,229
18,1691082000.0,2.5095656,229
19,1691085600.0,1.7663274,229
20,1691089200.0,1.2256271,229
21,1691092800.0,0.55116606,229
22,1691096400.0,0.16590163,229
23,1691100000.0,-0.28196335,229
0,1691017200.0,-0.67152524,230
1,1691020800.0,-0.7525612,230
2,1691024400.0,-0.79382217,230
3,1691028000.0,-0.73212147,230
4,1691031600.0,-0.74004126,230
5,1691035200.0,-0.7797113,230
6,1691038800.0,-0.53951067,230
7,1691042400.0,-0.495715,230
8,1691046000.0,-0.10678124,230
9,1691049600.0,-0.39558807,230
10,1691053200.0,-0.67042756,230
11,1691056800.0,-0.6532754,230
12,1691060400.0,-0.5794736,230
13,1691064000.0,-0.5664979,230
14,1691067600.0,-0.47853735,230
15,1691071200.0,-0.3939017,230
16,1691074800.0,-0.32775345,230
17,1691078400.0,-0.074717425,230
18,1691082000.0,-0.067532994,230
19,1691085600.0,-0.47803283,230
20,1691089200.0,-0.5063051,230
21,1691092800.0,-0.6414586,230
22,1691096400.0,-0.6376903,230
23,1691100000.0,-0.7746818,230
0,1691017200.0,-0.34350422,231
1,1691020800.0,-0.4442083,231
2,1691024400.0,-0.7008215,231
3,1691028000.0,-0.63441277,231
4,1691031600.0,-0.63314164,231
5,1691035200.0,-0.7351299,231
6,1691038800.0,-0.17626545,231
7,1691042400.0,0.38368997,231
8,1691046000.0,0.8054722,231
9,1691049600.0,0.30907214,231
10,1691053200.0,0.22868377,231
11,1691056800.0,0.08413994,231
12,1691060400.0,0.39786202,231
13,1691064000.0,0.6409842,231
14,1691067600.0,0.92063415,231
15,1691071200.0,1.0913638,231
16,1691074800.0,1.4649372,231
17,1691078400.0,2.0797172,231
18,1691082000.0,2.2862303,231
19,1691085600.0,1.6893361,231
20,1691089200.0,1.0131633,231
21,1691092800.0,0.3890235,231
22,1691096400.0,0.18605173,231
23,1691100000.0,-0.20021471,231
0,1691017200.0,-0.48168707,232
1,1691020800.0,-0.56272304,232
2,1691024400.0,-0.6418332,232
3,1691028000.0,-0.5063591,232
4,1691031600.0,-0.50508785,232
5,1691035200.0,-0.67893165,232
6,1691038800.0,-0.23025507,232
7,1691042400.0,0.083979614,232
8,1691046000.0,0.99939686,232
9,1691049600.0,0.85117674,232
10,1691053200.0,0.57146,232
11,1691056800.0,0.79324245,232
12,1691060400.0,0.92604965,232
13,1691064000.0,0.99755025,232
14,1691067600.0,1.1345024,232
15,1691071200.0,1.5491045,232
16,1691074800.0,1.7257055,232
17,1691078400.0,2.0724373,232
18,1691082000.0,2.1386378,232
19,1691085600.0,1.6444663,232
20,1691089200.0,1.0386397,232
21,1691092800.0,0.105736844,232
22,1691096400.0,0.05885581,232
23,1691100000.0,-0.8717361,232
0,1691017200.0,-0.44357815,233
1,1691020800.0,-0.59415424,233
2,1691024400.0,-0.67437387,233
3,1691028000.0,-0.5850303,233
4,1691031600.0,-0.58639145,233
5,1691035200.0,-0.660263,233
6,1691038800.0,-0.4116364,233
7,1691042400.0,-0.09740191,233
8,1691046000.0,0.32701287,233
9,1691049600.0,0.18105908,233
10,1691053200.0,-0.07384346,233
11,1691056800.0,-0.07780532,233
12,1691060400.0,0.03501529,233
13,1691064000.0,0.10651608,233
14,1691067600.0,0.1944768,233
15,1691071200.0,0.3652065,233
16,1691074800.0,0.54180753,233
17,1691078400.0,0.88036174,233
18,1691082000.0,0.8875461,233
19,1691085600.0,0.4144895,233
20,1691089200.0,0.17272761,233
21,1691092800.0,-0.15453807,233
22,1691096400.0,-0.23551866,233
23,1691100000.0,-0.52051294,233
0,1691017200.0,-0.6310364,234
1,1691020800.0,-0.7120724,234
2,1691024400.0,-0.28673345,234
3,1691028000.0,-0.26769462,234
4,1691031600.0,-0.28980598,234
5,1691035200.0,-0.28134796,234
6,1691038800.0,-0.035325646,234
7,1691042400.0,0.3354774,234
8,1691046000.0,0.3345536,234
9,1691049600.0,0.13203141,234
10,1691053200.0,-0.14768511,234
11,1691056800.0,-0.023652123,234
12,1691060400.0,0.089168385,234
13,1691064000.0,0.16066915,234
14,1691067600.0,0.24862991,234
15,1691071200.0,0.41935965,234
16,1691074800.0,0.5959606,234
17,1691078400.0,0.93909395,234
18,1691082000.0,0.94627833,234
19,1691085600.0,0.4562938,234
20,1691089200.0,0.2253617,234
21,1691092800.0,-0.1684924,234
22,1691096400.0,-0.29303598,234
23,1691100000.0,-0.08009179,234
0,1691017200.0,-0.67254895,236
1,1691020800.0,-0.6595452,236
2,1691024400.0,-0.73713243,236
3,1691028000.0,-0.6574749,236
4,1691031600.0,-0.6562036,236
5,1691035200.0,-0.6521937,236
6,1691038800.0,-0.20338586,236
7,1691042400.0,0.22551887,236
8,1691046000.0,0.6473014,236
9,1691049600.0,0.35316303,236
10,1691053200.0,0.073446564,236
11,1691056800.0,0.090598725,236
12,1691060400.0,0.20341925,236
13,1691064000.0,0.23925461,236
14,1691067600.0,0.28115913,236
15,1691071200.0,0.4518889,236
16,1691074800.0,0.95947963,236
17,1691078400.0,1.2914243,236
18,1691082000.0,0.57838935,236
19,1691085600.0,-0.19500843,236
20,1691089200.0,-0.12671667,236
21,1691092800.0,-0.389249,236
22,1691096400.0,-0.52753264,236
23,1691100000.0,-0.7780289,236
0,1691017200.0,-0.56178176,237
1,1691020800.0,-0.6860972,237
2,1691024400.0,-0.7122144,237
3,1691028000.0,-0.67697316,237
4,1691031600.0,-0.67570204,237
5,1691035200.0,-0.35356516,237
6,1691038800.0,0.24218841,237
7,1691042400.0,0.71054703,237
8,1691046000.0,1.3086706,237
9,1691049600.0,0.98637605,237
10,1691053200.0,0.2771837,237
11,1691056800.0,0.2943359,237
12,1691060400.0,0.4071564,237
13,1691064000.0,0.47865722,237
14,1691067600.0,0.56661785,237
15,1691071200.0,0.7373477,237
16,1691074800.0,0.9139488,237
17,1691078400.0,1.8530627,237
18,1691082000.0,1.1863225,237
19,1691085600.0,0.1962026,237
20,1691089200.0,-0.04555919,237
21,1691092800.0,-0.24536842,237
22,1691096400.0,-0.32634896,237
23,1691100000.0,-0.61134315,237
0,1691017200.0,1.5612111,238
1,1691020800.0,1.4801751,238
2,1691024400.0,0.7825703,238
3,1691028000.0,2.3307154,238
4,1691031600.0,2.3319867,238
5,1691035200.0,0.79778475,238
6,1691038800.0,2.7333808,238
7,1691042400.0,3.3713877,238
8,1691046000.0,3.9924848,238
9,1691049600.0,3.8467445,238
10,1691053200.0,2.6448224,238
11,1691056800.0,3.522236,238
12,1691060400.0,3.8610604,238
13,1691064000.0,4.9999413,238
14,1691067600.0,5.1116843,238
15,1691071200.0,4.9183626,238
16,1691074800.0,4.9726334,238
17,1691078400.0,6.2394214,238
18,1691082000.0,2.7045934,238
19,1691085600.0,2.9434597,238
20,1691089200.0,4.4455338,238
21,1691092800.0,3.302059,238
22,1691096400.0,4.0372877,238
23,1691100000.0,1.4155797,238
0,1691017200.0,-0.3664818,239
1,1691020800.0,-0.5045384,239
2,1691024400.0,-0.602015,239
3,1691028000.0,-0.51910424,239
4,1691031600.0,-0.53772235,239
5,1691035200.0,-0.6217714,239
6,1691038800.0,-0.28324193,239
7,1691042400.0,0.0309927,239
8,1691046000.0,1.0294297,239
9,1691049600.0,0.78076196,239
10,1691053200.0,0.5010452,239
11,1691056800.0,0.5181974,239
12,1691060400.0,0.8507414,239
13,1691064000.0,0.92224216,239
14,1691067600.0,0.79047966,239
15,1691071200.0,0.9612092,239
16,1691074800.0,1.1378101,239
17,1691078400.0,1.4763643,239
18,1691082000.0,1.4835488,239
19,1691085600.0,1.0377713,239
20,1691089200.0,0.48784354,239
21,1691092800.0,0.16057798,239
22,1691096400.0,0.07959738,239
23,1691100000.0,-0.24762045,239
0,1691017200.0,-0.37764904,24
1,1691020800.0,-0.4816992,24
2,1691024400.0,-0.54143345,24
3,1691028000.0,-0.47257528,24
4,1691031600.0,-0.4713041,24
5,1691035200.0,-0.49614093,24
6,1691038800.0,-0.18564215,24
7,1691042400.0,0.21873093,24
8,1691046000.0,0.71056896,24
9,1691049600.0,0.5958711,24
10,1691053200.0,0.31615433,24
11,1691056800.0,0.33330652,24
12,1691060400.0,0.4461272,24
13,1691064000.0,0.5176281,24
14,1691067600.0,0.6250018,24
15,1691071200.0,0.7957314,24
16,1691074800.0,1.0259229,24
17,1691078400.0,1.5042843,24
18,1691082000.0,1.4429466,24
19,1691085600.0,0.84357965,24
20,1691089200.0,0.5338865,24
21,1691092800.0,0.20662066,24
22,1691096400.0,0.12564021,24
23,1691100000.0,-0.15935418,24
0,1691017200.0,-0.62698305,243
1,1691020800.0,-0.6921427,243
2,1691024400.0,-0.72365355,243
3,1691028000.0,-0.6830188,243
4,1691031600.0,-0.66857386,243
5,1691035200.0,-0.7095427,243
6,1691038800.0,-0.46195683,243
7,1691042400.0,-0.350848,243
8,1691046000.0,-0.012391932,243
9,1691049600.0,-0.16918173,243
10,1691053200.0,-0.41971058,243
11,1691056800.0,-0.51855004,243
12,1691060400.0,-0.4231413,243
13,1691064000.0,-0.3516405,243
14,1691067600.0,-0.364611,243
15,1691071200.0,-0.1971634,243
16,1691074800.0,-0.045892067,243
17,1691078400.0,0.24240234,243
18,1691082000.0,0.24958676,243
19,1691085600.0,-0.06350802,243
20,1691089200.0,-0.13262574,243
21,1691092800.0,-0.40438288,243
22,1691096400.0,-0.41152948,243
23,1691100000.0,-0.68205583,243
0,1691017200.0,-0.013410843,244
1,1691020800.0,-0.3835876,244
2,1691024400.0,-0.49504852,244
3,1691028000.0,-0.33381355,244
4,1691031600.0,-0.33254236,244
5,1691035200.0,-0.4265474,244
6,1691038800.0,0.2212188,244
7,1691042400.0,0.8088147,244
8,1691046000.0,2.0146348,244
9,1691049600.0,1.9789207,244
10,1691053200.0,1.6992042,244
11,1691056800.0,2.0036397,244
12,1691060400.0,1.9756663,244
13,1691064000.0,2.3734725,244
14,1691067600.0,2.9490569,244
15,1691071200.0,3.204518,244
16,1691074800.0,3.6129153,244
17,1691078400.0,5.123104,244
18,1691082000.0,5.018899,244
19,1691085600.0,3.3136153,244
20,1691089200.0,1.9124492,244
21,1691092800.0,1.5103694,244
22,1691096400.0,1.5551081,244
23,1691100000.0,0.48397207,244
0,1691017200.0,-0.5463681,246
1,1691020800.0,-0.6274041,246
2,1691024400.0,-0.70499134,246
3,1691028000.0,-0.61828005,246
4,1691031600.0,-0.6170089,246
5,1691035200.0,-0.6908805,246
6,1691038800.0,-0.36252844,246
7,1691042400.0,-0.04829391,246
8,1691046000.0,0.37348846,246
9,1691049600.0,0.22753471,246
10,1691053200.0,-0.052181806,246
11,1691056800.0,-0.0350296,246
12,1691060400.0,0.07779096,246
13,1691064000.0,0.14929174,246
14,1691067600.0,0.23725241,246
15,1691071200.0,0.40798217,246
16,1691074800.0,0.5845833,246
17,1691078400.0,0.9231374,246
18,1691082000.0,0.9303218,246
19,1691085600.0,0.43615115,246
20,1691089200.0,0.19438925,246
21,1691092800.0,-0.1328764,246
22,1691096400.0,-0.21385702,246
23,1691100000.0,-0.49885133,246
0,1691017200.0,-0.56839454,249
1,1691020800.0,-0.6716503,249
2,1691024400.0,-0.7393831,249
3,1691028000.0,-0.66252625,249
4,1691031600.0,-0.6612551,249
5,1691035200.0,-0.7337336,249
6,1691038800.0,-0.42560467,249
7,1691042400.0,-0.14584713,249
8,1691046000.0,0.27398932,249
9,1691049600.0,0.034827974,249
10,1691053200.0,-0.24488872,249
11,1691056800.0,-0.22773653,249
12,1691060400.0,-0.114915945,249
13,1691064000.0,-0.04341506,249
14,1691067600.0,0.04046522,249
15,1691071200.0,0.100781776,249
16,1691074800.0,0.2773828,249
17,1691078400.0,0.6159679,249
18,1691082000.0,0.6231523,249
19,1691085600.0,0.13081327,249
20,1691089200.0,-0.0743622,249
21,1691092800.0,-0.10989998,249
22,1691096400.0,-0.19088063,249
23,1691100000.0,-0.48390183,249
0,1691017200.0,-0.5623146,261
1,1691020800.0,-0.6433506,261
2,1691024400.0,-0.72093785,261
3,1691028000.0,-0.63422656,261
4,1691031600.0,-0.63295543,261
5,1691035200.0,-0.75273794,261
6,1691038800.0,-0.47657675,261
7,1691042400.0,-0.19116506,261
8,1691046000.0,0.23061728,261
9,1691049600.0,0.23689356,261
10,1691053200.0,-0.15319908,261
11,1691056800.0,-0.10639132,261
12,1691060400.0,0.0064293,261
13,1691064000.0,0.07793011,261
14,1691067600.0,0.121107265,261
15,1691071200.0,0.29183692,261
16,1691074800.0,0.46843797,261
17,1691078400.0,0.8069922,261
18,1691082000.0,0.9569348,261
19,1691085600.0,0.5104251,261
20,1691089200.0,0.24421948,261
21,1691092800.0,-0.08304623,261
22,1691096400.0,-0.16402674,261
23,1691100000.0,-0.44902104,261
0,1691017200.0,-0.54615855,262
1,1691020800.0,-0.6271945,262
2,1691024400.0,-0.68156517,262
3,1691028000.0,-0.6601924,262
4,1691031600.0,-0.6589211,262
5,1691035200.0,-0.7095762,262
6,1691038800.0,-0.3784695,262
7,1691042400.0,-0.08591271,262
8,1691046000.0,0.35908613,262
9,1691049600.0,0.18991593,262
10,1691053200.0,-0.08980063,262
11,1691056800.0,-0.07264843,262
12,1691060400.0,-0.01567653,262
13,1691064000.0,0.05582429,262
14,1691067600.0,0.14378496,262
15,1691071200.0,0.4203445,262
16,1691074800.0,0.59694564,262
17,1691078400.0,1.0683384,262
18,1691082000.0,1.0755229,262
19,1691085600.0,0.6396435,262
20,1691089200.0,0.54110616,262
21,1691092800.0,0.12815204,262
22,1691096400.0,0.0471715,262
23,1691100000.0,-0.28081128,262
0,1691017200.0,-0.5824261,263
1,1691020800.0,-0.6634619,263
2,1691024400.0,-0.7364867,263
3,1691028000.0,-0.654338,263
4,1691031600.0,-0.64850426,263
5,1691035200.0,-0.7223758,263
6,1691038800.0,-0.39402375,263
7,1691042400.0,-0.116014056,263
8,1691046000.0,0.3012058,263
9,1691049600.0,0.09689211,263
10,1691053200.0,-0.18282452,263
11,1691056800.0,-0.16567233,263
12,1691060400.0,-0.13749817,263
13,1691064000.0,-0.078973,263
14,1691067600.0,-0.014506499,263
15,1691071200.0,0.26436386,263
16,1691074800.0,0.44096488,263
17,1691078400.0,0.7795191,263
18,1691082000.0,0.78670347,263
19,1691085600.0,0.30722767,263
20,1691089200.0,0.065465815,263
21,1691092800.0,-0.26179996,263
22,1691096400.0,-0.34278047,263
23,1691100000.0,-0.6277747,263
0,1691017200.0,-0.3886643,4
1,1691020800.0,-0.5415884,4
2,1691024400.0,-0.59728134,4
3,1691028000.0,-0.54543066,4
4,1691031600.0,-0.52406335,4
5,1691035200.0,-0.56285936,4
6,1691038800.0,-0.106100194,4
7,1691042400.0,0.62363607,4
8,1691046000.0,1.0103724,4
9,1691049600.0,0.9363068,4
10,1691053200.0,0.574687,4
11,1691056800.0,0.5788729,4
12,1691060400.0,0.68522227,4
13,1691064000.0,0.75672317,4
14,1691067600.0,0.81586885,4
15,1691071200.0,0.9865985,4
16,1691074800.0,1.1917516,4
17,1691078400.0,1.530306,4
18,1691082000.0,1.5677031,4
19,1691085600.0,0.56872493,4
20,1691089200.0,0.24852902,4
21,1691092800.0,-0.07873663,4
22,1691096400.0,-0.15971723,4
23,1691100000.0,-0.5165998,4
0,1691017200.0,-0.5087068,41
1,1691020800.0,-0.5897428,41
2,1691024400.0,-0.66733,41
3,1691028000.0,-0.58061874,41
4,1691031600.0,-0.5793476,41
5,1691035200.0,-0.62979966,41
6,1691038800.0,-0.32486722,41
7,1691042400.0,-0.010632702,41
8,1691046000.0,0.41628596,41
9,1691049600.0,0.21407336,41
10,1691053200.0,-0.080169074,41
11,1691056800.0,-0.06301686,41
12,1691060400.0,-0.037629444,41
13,1691064000.0,0.033871394,41
14,1691067600.0,0.110071756,41
15,1691071200.0,0.28080145,41
16,1691074800.0,0.4574024,41
17,1691078400.0,0.7959568,41
18,1691082000.0,0.8031412,41
19,1691085600.0,0.32071114,41
20,1691089200.0,0.078949325,41
21,1691092800.0,-0.24831647,41
22,1691096400.0,-0.329297,41
23,1691100000.0,-0.6142912,41
0,1691017200.0,-0.5766901,42
1,1691020800.0,-0.65772593,42
2,1691024400.0,-0.7180481,42
3,1691028000.0,-0.648602,42
4,1691031600.0,-0.64733076,42
5,1691035200.0,-0.70393723,42
6,1691038800.0,-0.39285028,42
7,1691042400.0,-0.10534672,42
8,1691046000.0,0.3164357,42
9,1691049600.0,0.17048198,42
10,1691053200.0,-0.10923462,42
11,1691056800.0,-0.09208242,42
12,1691060400.0,0.02073819,42
13,1691064000.0,0.092238985,42
14,1691067600.0,0.18019967,42
15,1691071200.0,0.3509294,42
16,1691074800.0,0.5275305,42
17,1691078400.0,0.86608464,42
18,1691082000.0,0.873269,42
19,1691085600.0,0.4311159,42
20,1691089200.0,0.18935403,42
21,1691092800.0,-0.13791165,42
22,1691096400.0,-0.2188923,42
23,1691100000.0,-0.50388664,42
0,1691017200.0,-0.6515348,43
1,1691020800.0,-0.70830023,43
2,1691024400.0,-0.74462616,43
3,1691028000.0,-0.6991763,43
4,1691031600.0,-0.69790506,43
5,1691035200.0,-0.73294026,43
6,1691038800.0,-0.575151,43
7,1691042400.0,-0.35831308,43
8,1691046000.0,0.07919488,43
9,1691049600.0,-0.03421003,43
10,1691053200.0,-0.31392655,43
11,1691056800.0,-0.29677436,43
12,1691060400.0,-0.20822436,43
13,1691064000.0,-0.13672353,43
14,1691067600.0,-0.028572718,43
15,1691071200.0,0.0017954347,43
16,1691074800.0,0.13070607,43
17,1691078400.0,0.42405352,43
18,1691082000.0,0.43123794,43
19,1691085600.0,-0.06293269,43
20,1691089200.0,-0.13130116,43
21,1691092800.0,-0.26600915,43
22,1691096400.0,-0.32212844,43
23,1691100000.0,-0.62115765,43
0,1691017200.0,-0.5614615,45
1,1691020800.0,-0.6424975,45
2,1691024400.0,-0.68069845,45
3,1691028000.0,-0.599534,45
4,1691031600.0,-0.59271604,45
5,1691035200.0,-0.6665876,45
6,1691038800.0,-0.33823556,45
7,1691042400.0,-0.08129536,45
8,1691046000.0,0.63053703,45
9,1691049600.0,0.47903642,45
10,1691053200.0,-0.10371836,45
11,1691056800.0,-0.11402472,45
12,1691060400.0,-0.077059545,45
13,1691064000.0,-0.005558654,45
14,1691067600.0,0.099834375,45
15,1691071200.0,0.27056405,45
16,1691074800.0,0.50417787,45
17,1691078400.0,1.134061,45
18,1691082000.0,1.1412455,45
19,1691085600.0,0.27811185,45
20,1691089200.0,-0.110377975,45
21,1691092800.0,-0.35186625,45
22,1691096400.0,-0.43284687,45
23,1691100000.0,-0.6645978,45
0,1691017200.0,-0.5054945,48
1,1691020800.0,-0.60571074,48
2,1691024400.0,-0.68938625,48
3,1691028000.0,-0.5965867,48
4,1691031600.0,-0.57222164,48
5,1691035200.0,-0.5461872,48
6,1691038800.0,-0.11595238,48
7,1691042400.0,0.81468636,48
8,1691046000.0,1.7833252,48
9,1691049600.0,1.7244778,48
10,1691053200.0,1.1008554,48
11,1691056800.0,1.381914,48
12,1691060400.0,1.5514712,48
13,1691064000.0,1.6229721,48
14,1691067600.0,1.6362926,48
15,1691071200.0,1.8070222,48
16,1691074800.0,2.0582635,48
17,1691078400.0,2.9667795,48
18,1691082000.0,2.9739637,48
19,1691085600.0,1.4913387,48
20,1691089200.0,0.62329376,48
21,1691092800.0,0.19876786,48
22,1691096400.0,-0.18616408,48
23,1691100000.0,-0.45478976,48
0,1691017200.0,-0.61993456,50
1,1691020800.0,-0.70097053,50
2,1691024400.0,-0.68372226,50
3,1691028000.0,-0.6918465,50
4,1691031600.0,-0.69057536,50
5,1691035200.0,-0.6696114,50
6,1691038800.0,-0.3733849,50
7,1691042400.0,-0.05915027,50
8,1691046000.0,0.30681342,50
9,1691049600.0,0.057312973,50
10,1691053200.0,-0.23848993,50
11,1691056800.0,-0.22133774,50
12,1691060400.0,-0.10851721,50
13,1691064000.0,-0.037016306,50
14,1691067600.0,0.039184067,50
15,1691071200.0,0.14111489,50
16,1691074800.0,0.31771585,50
17,1691078400.0,0.65627015,50
18,1691082000.0,0.66345453,50
19,1691085600.0,0.18102455,50
20,1691089200.0,-0.060737297,50
21,1691092800.0,-0.3508561,50
22,1691096400.0,-0.40941852,50
23,1691100000.0,-0.67878944,50
0,1691017200.0,-0.5736294,68
1,1691020800.0,-0.63218594,68
2,1691024400.0,-0.63814175,68
3,1691028000.0,-0.623062,68
4,1691031600.0,-0.62179077,68
5,1691035200.0,-0.6240309,68
6,1691038800.0,-0.36731046,68
7,1691042400.0,-0.163732,68
8,1691046000.0,0.2580503,68
9,1691049600.0,0.11209662,68
10,1691053200.0,-0.16761997,68
11,1691056800.0,-0.16399369,68
12,1691060400.0,-0.1393945,68
13,1691064000.0,-0.0808693,68
14,1691067600.0,0.098377705,68
15,1691071200.0,0.21949661,68
16,1691074800.0,0.26488337,68
17,1691078400.0,0.5515137,68
18,1691082000.0,0.5012446,68
19,1691085600.0,0.08490545,68
20,1691089200.0,-0.11508821,68
21,1691092800.0,-0.31451052,68
22,1691096400.0,-0.39549094,68
23,1691100000.0,-0.5826572,68
0,1691017200.0,-0.5722661,74
1,1691020800.0,-0.6533021,74
2,1691024400.0,-0.6884322,74
3,1691028000.0,-0.64417803,74
4,1691031600.0,-0.6429069,74
5,1691035200.0,-0.67432135,74
6,1691038800.0,-0.44647822,74
7,1691042400.0,-0.19843416,74
8,1691046000.0,0.17539284,74
9,1691049600.0,0.017753134,74
10,1691053200.0,-0.31346005,74
11,1691056800.0,-0.29630786,74
12,1691060400.0,-0.18348739,74
13,1691064000.0,-0.111986525,74
14,1691067600.0,-0.024025718,74
15,1691071200.0,0.14670393,74
16,1691074800.0,0.3788875,74
17,1691078400.0,0.71744204,74
18,1691082000.0,0.7246264,74
19,1691085600.0,0.23045549,74
20,1691089200.0,0.09741862,74
21,1691092800.0,-0.2298472,74
22,1691096400.0,-0.31082773,74
23,1691100000.0,-0.5377321,74
0,1691017200.0,-0.58566093,75
1,1691020800.0,-0.6666968,75
2,1691024400.0,-0.74428403,75
3,1691028000.0,-0.65757287,75
4,1691031600.0,-0.65630174,75
5,1691035200.0,-0.7301733,75
6,1691038800.0,-0.4018213,75
7,1691042400.0,-0.0875868,75
8,1691046000.0,0.3341956,75
9,1691049600.0,0.18824188,75
10,1691053200.0,-0.09147469,75
11,1691056800.0,-0.07432244,75
12,1691060400.0,0.003405591,75
13,1691064000.0,0.07490638,75
14,1691067600.0,0.19795956,75
15,1691071200.0,0.36868933,75
16,1691074800.0,0.54529035,75
17,1691078400.0,0.8838446,75
18,1691082000.0,0.891029,75
19,1691085600.0,0.39685827,75
20,1691089200.0,0.15509641,75
21,1691092800.0,-0.17216927,75
22,1691096400.0,-0.25314987,75
23,1691100000.0,-0.5381442,75
0,1691017200.0,-0.69662756,79
1,1691020800.0,-0.7423077,79
2,1691024400.0,-0.7619596,79
3,1691028000.0,-0.7331837,79
4,1691031600.0,-0.73191255,79
5,1691035200.0,-0.75822604,79
6,1691038800.0,-0.63783956,79
7,1691042400.0,-0.61833465,79
8,1691046000.0,-0.4277678,79
9,1691049600.0,-0.53780156,79
10,1691053200.0,-0.74250406,79
11,1691056800.0,-0.72535187,79
12,1691060400.0,-0.6599603,79
13,1691064000.0,-0.6609592,79
14,1691067600.0,-0.5378044,79
15,1691071200.0,-0.54723567,79
16,1691074800.0,-0.4190691,79
17,1691078400.0,-0.33769375,79
18,1691082000.0,-0.33050933,79
19,1691085600.0,-0.55417824,79
20,1691089200.0,-0.5150446,79
21,1691092800.0,-0.6600872,79
22,1691096400.0,-0.6186211,79
23,1691100000.0,-0.78025144,79
0,1691017200.0,-0.69549847,87
1,1691020800.0,-0.7552662,87
2,1691024400.0,-0.7676507,87
3,1691028000.0,-0.7353692,87
4,1691031600.0,-0.73409796,87
5,1691035200.0,-0.75353986,87
6,1691038800.0,-0.6013846,87
7,1691042400.0,-0.53405267,87
8,1691046000.0,-0.43808907,87
9,1691049600.0,-0.53973377,87
10,1691053200.0,-0.6831677,87
11,1691056800.0,-0.6660155,87
12,1691060400.0,-0.6092731,87
13,1691064000.0,-0.57355344,87
14,1691067600.0,-0.47075614,87
15,1691071200.0,-0.3545541,87
16,1691074800.0,-0.3876141,87
17,1691078400.0,-0.10877412,87
18,1691082000.0,-0.10158969,87
19,1691085600.0,-0.5430566,87
20,1691089200.0,-0.4411289,87
21,1691092800.0,-0.62500316,87
22,1691096400.0,-0.6382168,87
23,1691100000.0,-0.7691768,87
0,1691017200.0,-0.40372804,88
1,1691020800.0,-0.4803698,88
2,1691024400.0,-0.58825415,88
3,1691028000.0,-0.40007424,88
4,1691031600.0,-0.39880306,88
5,1691035200.0,-0.48508352,88
6,1691038800.0,-0.025533026,88
7,1691042400.0,0.53013563,88
8,1691046000.0,1.4278662,88
9,1691049600.0,1.2534434,88
10,1691053200.0,0.95120037,88
11,1691056800.0,0.9917556,88
12,1691060400.0,1.1320754,88
13,1691064000.0,1.3101122,88
14,1691067600.0,1.5932934,88
15,1691071200.0,1.9138211,88
16,1691074800.0,2.426956,88
17,1691078400.0,3.3593142,88
18,1691082000.0,3.3664985,88
19,1691085600.0,1.9331341,88
20,1691089200.0,1.2296408,88
21,1691092800.0,0.5721344,88
22,1691096400.0,0.4405162,88
23,1691100000.0,0.034452606,88
0,1691017200.0,-0.40240848,90
1,1691020800.0,-0.51851976,90
2,1691024400.0,-0.5991893,90
3,1691028000.0,-0.50939584,90
4,1691031600.0,-0.5081246,90
5,1691035200.0,-0.5850784,90
6,1691038800.0,-0.2536441,90
7,1691042400.0,0.06059054,90
8,1691046000.0,0.6774474,90
9,1691049600.0,0.6268798,90
10,1691053200.0,0.3471633,90
11,1691056800.0,0.36431548,90
12,1691060400.0,0.5704421,90
13,1691064000.0,0.69401014,90
14,1691067600.0,0.78197086,90
15,1691071200.0,0.9527006,90
16,1691074800.0,1.1293017,90
17,1691078400.0,1.4678558,90
18,1691082000.0,1.4750403,90
19,1691085600.0,0.98086965,90
20,1691089200.0,0.5755678,90
21,1691092800.0,0.23199552,90
22,1691096400.0,0.089886315,90
23,1691100000.0,-0.27484402,90
