Hour,Timestamp,Busyness Predicted,Taxi Zone ID
0,1691017200.0,-0.60546505,4
1,1691020800.0,-0.7908358,4
2,1691024400.0,-0.8126238,4
3,1691028000.0,-0.9391284,4
4,1691031600.0,-0.94675636,4
5,1691035200.0,-0.94311136,4
6,1691038800.0,-0.9236417,4
7,1691042400.0,-0.9613436,4
8,1691046000.0,-0.85373354,4
9,1691049600.0,-0.8889589,4
10,1691053200.0,-0.8749358,4
11,1691056800.0,-0.844646,4
12,1691060400.0,-0.76542217,4
13,1691064000.0,-0.76542217,4
14,1691067600.0,-0.73083085,4
15,1691071200.0,-0.7167806,4
16,1691074800.0,-0.7066188,4
17,1691078400.0,-0.61223376,4
18,1691082000.0,-0.5455404,4
19,1691085600.0,-0.66854596,4
20,1691089200.0,-0.72367436,4
21,1691092800.0,-0.73799706,4
22,1691096400.0,-0.7563856,4
23,1691100000.0,-0.8194819,4
0,1691017200.0,-0.80412537,12
1,1691020800.0,-0.88081723,12
2,1691024400.0,-0.9293391,12
3,1691028000.0,-0.99992484,12
4,1691031600.0,-0.99992484,12
5,1691035200.0,-0.98685235,12
6,1691038800.0,-0.8913563,12
7,1691042400.0,-0.83025265,12
8,1691046000.0,-0.7298782,12
9,1691049600.0,-0.8019552,12
10,1691053200.0,-0.80270284,12
11,1691056800.0,-0.8230858,12
12,1691060400.0,-0.727335,12
13,1691064000.0,-0.727335,12
14,1691067600.0,-0.6728799,12
15,1691071200.0,-0.6588296,12
16,1691074800.0,-0.66194344,12
17,1691078400.0,-0.57066786,12
18,1691082000.0,-0.5180447,12
19,1691085600.0,-0.66248524,12
20,1691089200.0,-0.7802201,12
21,1691092800.0,-0.82053775,12
22,1691096400.0,-0.8336574,12
23,1691100000.0,-0.8797615,12
0,1691017200.0,-0.93002284,13
1,1691020800.0,-0.9783783,13
2,1691024400.0,-0.95754045,13
3,1691028000.0,-1.0914667,13
4,1691031600.0,-1.04879,13
5,1691035200.0,-1.0423623,13
6,1691038800.0,-0.99064505,13
7,1691042400.0,-1.0377903,13
8,1691046000.0,-0.9930512,13
9,1691049600.0,-0.9707475,13
10,1691053200.0,-0.9428371,13
11,1691056800.0,-0.92829126,13
12,1691060400.0,-0.8513188,13
13,1691064000.0,-0.8513188,13
14,1691067600.0,-0.82831603,13
15,1691071200.0,-0.8142658,13
16,1691074800.0,-0.8326967,13
17,1691078400.0,-0.82063067,13
18,1691082000.0,-0.7656247,13
19,1691085600.0,-0.91006494,13
20,1691089200.0,-0.966011,13
21,1691092800.0,-1.0063289,13
22,1691096400.0,-1.06669,13
23,1691100000.0,-1.104978,13
0,1691017200.0,-0.7332222,24
1,1691020800.0,-0.8740563,24
2,1691024400.0,-0.88575983,24
3,1691028000.0,-1.0014027,24
4,1691031600.0,-1.0019621,24
5,1691035200.0,-1.0015906,24
6,1691038800.0,-0.8193318,24
7,1691042400.0,-0.58594954,24
8,1691046000.0,-0.4029055,24
9,1691049600.0,-0.38060188,24
10,1691053200.0,-0.3885304,24
11,1691056800.0,-0.41061452,24
12,1691060400.0,-0.2890267,24
13,1691064000.0,-0.2890267,24
14,1691067600.0,-0.26085117,24
15,1691071200.0,-0.26652998,24
16,1691074800.0,-0.32472903,24
17,1691078400.0,-0.23345332,24
18,1691082000.0,-0.17139025,24
19,1691085600.0,-0.3158308,24
20,1691089200.0,-0.45666143,24
21,1691092800.0,-0.48044515,24
22,1691096400.0,-0.637579,24
23,1691100000.0,-0.83177876,24
0,1691017200.0,-0.62481225,41
1,1691020800.0,-0.74851084,41
2,1691024400.0,-0.81068486,41
3,1691028000.0,-0.9263282,41
4,1691031600.0,-0.9263282,41
5,1691035200.0,-0.9132558,41
6,1691038800.0,-0.79698795,41
7,1691042400.0,-0.7136725,41
8,1691046000.0,-0.63236463,41
9,1691049600.0,-0.7302633,41
10,1691053200.0,-0.7372521,41
11,1691056800.0,-0.7252816,41
12,1691060400.0,-0.60369414,41
13,1691064000.0,-0.60369414,41
14,1691067600.0,-0.549239,41
15,1691071200.0,-0.53518873,41
16,1691074800.0,-0.53830254,41
17,1691078400.0,-0.41387156,41
18,1691082000.0,-0.34035367,41
19,1691085600.0,-0.48479468,41
20,1691089200.0,-0.55635595,41
21,1691092800.0,-0.59667355,41
22,1691096400.0,-0.60226524,41
23,1691100000.0,-0.6547756,41
0,1691017200.0,-0.79403406,42
1,1691020800.0,-0.8597056,42
2,1691024400.0,-0.88477695,42
3,1691028000.0,-0.977672,42
4,1691031600.0,-0.977672,42
5,1691035200.0,-0.96459943,42
6,1691038800.0,-0.92761433,42
7,1691042400.0,-1.0203421,42
8,1691046000.0,-0.89728475,42
9,1691049600.0,-0.87498087,42
10,1691053200.0,-0.88341445,42
11,1691056800.0,-0.822046,42
12,1691060400.0,-0.72231144,42
13,1691064000.0,-0.72231144,42
14,1691067600.0,-0.7070639,42
15,1691071200.0,-0.69301367,42
16,1691074800.0,-0.744142,42
17,1691078400.0,-0.6568779,42
18,1691082000.0,-0.59071475,42
19,1691085600.0,-0.73515534,42
20,1691089200.0,-0.813763,42
21,1691092800.0,-0.8368995,42
22,1691096400.0,-0.89832616,42
23,1691100000.0,-0.94196385,42
0,1691017200.0,-0.73086035,43
1,1691020800.0,-0.801557,43
2,1691024400.0,-0.83328474,43
3,1691028000.0,-0.9437469,43
4,1691031600.0,-0.93463063,43
5,1691035200.0,-0.9309854,43
6,1691038800.0,-0.85882086,43
7,1691042400.0,-0.89256406,43
8,1691046000.0,-0.83456445,43
9,1691049600.0,-0.9016244,43
10,1691053200.0,-0.89105386,43
11,1691056800.0,-0.8346524,43
12,1691060400.0,-0.72963595,43
13,1691064000.0,-0.72963595,43
14,1691067600.0,-0.67518085,43
15,1691071200.0,-0.6611306,43
16,1691074800.0,-0.6509688,43
17,1691078400.0,-0.5786158,43
18,1691082000.0,-0.5113139,43
19,1691085600.0,-0.65575445,43
20,1691089200.0,-0.7301349,43
21,1691092800.0,-0.7517183,43
22,1691096400.0,-0.7423452,43
23,1691100000.0,-0.8363009,43
0,1691017200.0,-0.7223521,45
1,1691020800.0,-0.81827307,45
2,1691024400.0,-0.84212005,45
3,1691028000.0,-0.95583785,45
4,1691031600.0,-0.9078715,45
5,1691035200.0,-0.87145025,45
6,1691038800.0,-0.6891921,45
7,1691042400.0,-0.4307324,45
8,1691046000.0,-0.18114334,45
9,1691049600.0,-0.0642401,45
10,1691053200.0,0.20704599,45
11,1691056800.0,0.49101683,45
12,1691060400.0,0.69447476,45
13,1691064000.0,0.69447476,45
14,1691067600.0,0.74580085,45
15,1691071200.0,0.7598511,45
16,1691074800.0,0.75373447,45
17,1691078400.0,0.59282017,45
18,1691082000.0,0.3445371,45
19,1691085600.0,0.09008898,45
20,1691089200.0,-0.08666218,45
21,1691092800.0,-0.1269797,45
22,1691096400.0,-0.27913013,45
23,1691100000.0,-0.56710917,45
0,1691017200.0,0.42688483,48
1,1691020800.0,-0.049388934,48
2,1691024400.0,-0.3927582,48
3,1691028000.0,-0.58423495,48
4,1691031600.0,-0.58423495,48
5,1691035200.0,-0.52797866,48
6,1691038800.0,0.016006537,48
7,1691042400.0,0.006816044,48
8,1691046000.0,0.19245316,48
9,1691049600.0,0.309738,48
10,1691053200.0,0.48360136,48
11,1691056800.0,0.53156096,48
12,1691060400.0,0.68467337,48
13,1691064000.0,0.7408837,48
14,1691067600.0,0.7953388,48
15,1691071200.0,0.876777,48
16,1691074800.0,1.0352019,48
17,1691078400.0,1.5330449,48
18,1691082000.0,1.7506415,48
19,1691085600.0,1.6062009,48
20,1691089200.0,1.4624909,48
21,1691092800.0,1.5119098,48
22,1691096400.0,1.4898759,48
23,1691100000.0,0.9593657,48
0,1691017200.0,-0.5758075,50
1,1691020800.0,-0.7166416,50
2,1691024400.0,-0.789014,50
3,1691028000.0,-0.9046574,50
4,1691031600.0,-0.9046574,50
5,1691035200.0,-0.89158475,50
6,1691038800.0,-0.7476849,50
7,1691042400.0,-0.6102646,50
8,1691046000.0,-0.42255956,50
9,1691049600.0,-0.40025586,50
10,1691053200.0,-0.38409737,50
11,1691056800.0,-0.34842908,50
12,1691060400.0,-0.24233742,50
13,1691064000.0,-0.24233742,50
14,1691067600.0,-0.18788229,50
15,1691071200.0,-0.17383201,50
16,1691074800.0,-0.17694592,50
17,1691078400.0,-0.08567037,50
18,1691082000.0,-0.0011284513,50
19,1691085600.0,-0.14556895,50
20,1691089200.0,-0.2411971,50
21,1691092800.0,-0.2815146,50
22,1691096400.0,-0.32100907,50
23,1691100000.0,-0.4986751,50
0,1691017200.0,-0.0038565167,68
1,1691020800.0,-0.38348848,68
2,1691024400.0,-0.51083064,68
3,1691028000.0,-0.6633819,68
4,1691031600.0,-0.75068164,68
5,1691035200.0,-0.73760885,68
6,1691038800.0,-0.40416363,68
7,1691042400.0,-0.18334775,68
8,1691046000.0,0.22124286,68
9,1691049600.0,0.34450343,68
10,1691053200.0,0.43377724,68
11,1691056800.0,0.51020616,68
12,1691060400.0,0.9663144,68
13,1691064000.0,0.9663144,68
14,1691067600.0,1.0207694,68
15,1691071200.0,1.0348196,68
16,1691074800.0,1.0486844,68
17,1691078400.0,1.2172648,68
18,1691082000.0,1.4108939,68
19,1691085600.0,1.2603953,68
20,1691089200.0,1.0245132,68
21,1691092800.0,0.9841959,68
22,1691096400.0,0.8486909,68
23,1691100000.0,0.41046754,68
0,1691017200.0,0.34536612,74
1,1691020800.0,-0.050631262,74
2,1691024400.0,-0.47232267,74
3,1691028000.0,-0.6569246,74
4,1691031600.0,-0.6915471,74
5,1691035200.0,-0.6784743,74
6,1691038800.0,-0.5851751,74
7,1691042400.0,-0.4634377,74
8,1691046000.0,-0.27573222,74
9,1691049600.0,-0.25342864,74
10,1691053200.0,-0.21001543,74
11,1691056800.0,-0.12079376,74
12,1691060400.0,0.0007938198,74
13,1691064000.0,0.0007938198,74
14,1691067600.0,0.055248883,74
15,1691071200.0,0.10388059,74
16,1691074800.0,0.11201025,74
17,1691078400.0,0.54832786,74
18,1691082000.0,0.86876744,74
19,1691085600.0,0.93414587,74
20,1691089200.0,0.9817738,74
21,1691092800.0,1.072399,74
22,1691096400.0,1.1318902,74
23,1691100000.0,0.92039794,74
0,1691017200.0,-0.6505982,75
1,1691020800.0,-0.7675703,75
2,1691024400.0,-0.8096518,75
3,1691028000.0,-0.92529535,75
4,1691031600.0,-0.92529535,75
5,1691035200.0,-0.91222274,75
6,1691038800.0,-0.75676775,75
7,1691042400.0,-0.634567,75
8,1691046000.0,-0.6731216,75
9,1691049600.0,-0.7352205,75
10,1691053200.0,-0.7270562,75
11,1691056800.0,-0.71422595,75
12,1691060400.0,-0.5926385,75
13,1691064000.0,-0.5926385,75
14,1691067600.0,-0.53818333,75
15,1691071200.0,-0.5241331,75
16,1691074800.0,-0.5222254,75
17,1691078400.0,-0.43095,75
18,1691082000.0,-0.3787494,75
19,1691085600.0,-0.53643465,75
20,1691089200.0,-0.63206285,75
21,1691092800.0,-0.69168246,75
22,1691096400.0,-0.7598367,75
23,1691100000.0,-0.7879416,75
0,1691017200.0,-0.6495556,79
1,1691020800.0,-0.7652075,79
2,1691024400.0,-0.816744,79
3,1691028000.0,-0.92910814,79
4,1691031600.0,-0.92910814,79
5,1691035200.0,-0.877463,79
6,1691038800.0,-0.63794434,79
7,1691042400.0,-0.43716416,79
8,1691046000.0,-0.29258513,79
9,1691049600.0,-0.35721293,79
10,1691053200.0,-0.39297825,79
11,1691056800.0,-0.32505056,79
12,1691060400.0,-0.20346308,79
13,1691064000.0,-0.20346308,79
14,1691067600.0,-0.14900796,79
15,1691071200.0,-0.13495772,79
16,1691074800.0,-0.1380716,79
17,1691078400.0,-0.096637815,79
18,1691082000.0,-0.09135835,79
19,1691085600.0,-0.29224092,79
20,1691089200.0,-0.38786918,79
21,1691092800.0,-0.44327953,79
22,1691096400.0,-0.51725197,79
23,1691100000.0,-0.645076,79
0,1691017200.0,-0.59709543,87
1,1691020800.0,-0.7379295,87
2,1691024400.0,-0.8103019,87
3,1691028000.0,-0.92594516,87
4,1691031600.0,-0.9307984,87
5,1691035200.0,-0.9177258,87
6,1691038800.0,-0.80673957,87
7,1691042400.0,-0.67712903,87
8,1691046000.0,-0.562577,87
9,1691049600.0,-0.5402734,87
10,1691053200.0,-0.5622399,87
11,1691056800.0,-0.48968464,87
12,1691060400.0,-0.36809686,87
13,1691064000.0,-0.36809686,87
14,1691067600.0,-0.31364167,87
15,1691071200.0,-0.29959142,87
16,1691074800.0,-0.30270535,87
17,1691078400.0,-0.21142967,87
18,1691082000.0,-0.14051475,87
19,1691085600.0,-0.2775068,87
20,1691089200.0,-0.30383062,87
21,1691092800.0,-0.30753657,87
22,1691096400.0,-0.3815093,87
23,1691100000.0,-0.532731,87
0,1691017200.0,-0.8509739,88
1,1691020800.0,-0.9918084,88
2,1691024400.0,-0.9942835,88
3,1691028000.0,-1.0870681,88
4,1691031600.0,-1.0889052,88
5,1691035200.0,-1.0758328,88
6,1691038800.0,-0.8935743,88
7,1691042400.0,-0.925489,88
8,1691046000.0,-0.75167143,88
9,1691049600.0,-0.6878947,88
10,1691053200.0,-0.76428926,88
11,1691056800.0,-0.73820883,88
12,1691060400.0,-0.6490609,88
13,1691064000.0,-0.6490609,88
14,1691067600.0,-0.6209031,88
15,1691071200.0,-0.63293904,88
16,1691074800.0,-0.63605285,88
17,1691078400.0,-0.5447774,88
18,1691082000.0,-0.4738626,88
19,1691085600.0,-0.61830294,88
20,1691089200.0,-0.7256454,88
21,1691092800.0,-0.76596314,88
22,1691096400.0,-0.85817283,88
23,1691100000.0,-1.0358384,88
0,1691017200.0,-0.36664382,90
1,1691020800.0,-0.54870665,90
2,1691024400.0,-0.6726927,90
3,1691028000.0,-0.8346302,90
4,1691031600.0,-0.8346302,90
5,1691035200.0,-0.818071,90
6,1691038800.0,-0.6564092,90
7,1691042400.0,-0.49083015,90
8,1691046000.0,-0.27241737,90
9,1691049600.0,-0.15667187,90
10,1691053200.0,-0.11325867,90
11,1691056800.0,-0.02403681,90
12,1691060400.0,0.09755067,90
13,1691064000.0,0.09755067,90
14,1691067600.0,0.1520058,90
15,1691071200.0,0.19187008,90
16,1691074800.0,0.18875617,90
17,1691078400.0,0.36622623,90
18,1691082000.0,0.5368751,90
19,1691085600.0,0.41224685,90
20,1691089200.0,0.32144284,90
21,1691092800.0,0.28112534,90
22,1691096400.0,0.14445552,90
23,1691100000.0,-0.033210244,90
0,1691017200.0,-0.6754592,100
1,1691020800.0,-0.7795913,100
2,1691024400.0,-0.79931575,100
3,1691028000.0,-0.9149589,100
4,1691031600.0,-0.9242983,100
5,1691035200.0,-0.93207425,100
6,1691038800.0,-0.8425306,100
7,1691042400.0,-0.83198285,100
8,1691046000.0,-0.6753017,100
9,1691049600.0,-0.6101339,100
10,1691053200.0,-0.6692226,100
11,1691056800.0,-0.61937976,100
12,1691060400.0,-0.517482,100
13,1691064000.0,-0.517482,100
14,1691067600.0,-0.51588804,100
15,1691071200.0,-0.516652,100
16,1691074800.0,-0.5197658,100
17,1691078400.0,-0.43250167,100
18,1691082000.0,-0.32791954,100
19,1691085600.0,-0.4557438,100
20,1691089200.0,-0.5332487,100
21,1691092800.0,-0.5735663,100
22,1691096400.0,-0.6013624,100
23,1691100000.0,-0.6582711,100
0,1691017200.0,-0.607928,107
1,1691020800.0,-0.8886924,107
2,1691024400.0,-0.96887475,107
3,1691028000.0,-1.1336193,107
4,1691031600.0,-1.1336193,107
5,1691035200.0,-0.89803594,107
6,1691038800.0,-0.49866036,107
7,1691042400.0,-0.30234432,107
8,1691046000.0,-0.11463923,107
9,1691049600.0,-0.092335574,107
10,1691053200.0,-0.04892235,107
11,1691056800.0,0.04029946,107
12,1691060400.0,0.16188696,107
13,1691064000.0,0.16188696,107
14,1691067600.0,0.21634217,107
15,1691071200.0,0.22651105,107
16,1691074800.0,0.21127144,107
17,1691078400.0,0.30254704,107
18,1691082000.0,0.37606448,107
19,1691085600.0,0.23162429,107
20,1691089200.0,0.072886,107
21,1691092800.0,-0.28251356,107
22,1691096400.0,-0.35648617,107
23,1691100000.0,-0.53415155,107
0,1691017200.0,-0.046927813,113
1,1691020800.0,-0.35537082,113
2,1691024400.0,-0.50127786,113
3,1691028000.0,-0.62805974,113
4,1691031600.0,-0.6428401,113
5,1691035200.0,-0.6297673,113
6,1691038800.0,-0.30052423,113
7,1691042400.0,0.047262497,113
8,1691046000.0,0.24783885,113
9,1691049600.0,0.42148343,113
10,1691053200.0,0.4648967,113
11,1691056800.0,0.56759024,113
12,1691060400.0,0.7801316,113
13,1691064000.0,0.7801316,113
14,1691067600.0,0.83458674,113
15,1691071200.0,0.848637,113
16,1691074800.0,0.8455231,113
17,1691078400.0,1.1521583,113
18,1691082000.0,1.4402472,113
19,1691085600.0,1.2958065,113
20,1691089200.0,1.2001783,113
21,1691092800.0,1.1598605,113
22,1691096400.0,0.8889483,113
23,1691100000.0,0.5129142,113
0,1691017200.0,-0.5208904,114
1,1691020800.0,-0.6662608,114
2,1691024400.0,-0.73863316,114
3,1691028000.0,-0.8590037,114
4,1691031600.0,-0.8590037,114
5,1691035200.0,-0.84593093,114
6,1691038800.0,-0.6832164,114
7,1691042400.0,-0.5017029,114
8,1691046000.0,-0.30588,114
9,1691049600.0,-0.25000495,114
10,1691053200.0,-0.20659171,114
11,1691056800.0,-0.11737006,114
12,1691060400.0,0.004217506,114
13,1691064000.0,0.004217506,114
14,1691067600.0,0.058672614,114
15,1691071200.0,0.10891884,114
16,1691074800.0,0.12131312,114
17,1691078400.0,0.21258877,114
18,1691082000.0,0.38485113,114
19,1691085600.0,0.28177056,114
20,1691089200.0,0.16721769,114
21,1691092800.0,0.12690006,114
22,1691096400.0,-0.069844365,114
23,1691100000.0,-0.30692312,114
0,1691017200.0,-0.3250526,116
1,1691020800.0,-0.4497204,116
2,1691024400.0,-0.5968038,116
3,1691028000.0,-0.8633655,116
4,1691031600.0,-0.99540424,116
5,1691035200.0,-0.98634356,116
6,1691038800.0,-0.9209903,116
7,1691042400.0,-0.8232647,116
8,1691046000.0,-0.6355595,116
9,1691049600.0,-0.6132559,116
10,1691053200.0,-0.56984264,116
11,1691056800.0,-0.48062095,116
12,1691060400.0,-0.35903326,116
13,1691064000.0,-0.35903326,116
14,1691067600.0,-0.27286288,116
15,1691071200.0,-0.25405693,116
16,1691074800.0,-0.22313902,116
17,1691078400.0,-0.099766865,116
18,1691082000.0,0.2673144,116
19,1691085600.0,0.13973118,116
20,1691089200.0,0.06826723,116
21,1691092800.0,0.02794962,116
22,1691096400.0,0.018107984,116
23,1691100000.0,-0.095339425,116
0,1691017200.0,-0.79141736,120
1,1691020800.0,-0.86357707,120
2,1691024400.0,-0.89325917,120
3,1691028000.0,-1.0089021,120
4,1691031600.0,-1.0089021,120
5,1691035200.0,-0.99582976,120
6,1691038800.0,-0.9259447,120
7,1691042400.0,-1.0115987,120
8,1691046000.0,-0.95772636,120
9,1691049600.0,-1.0146658,120
10,1691053200.0,-1.0237402,120
11,1691056800.0,-0.99538386,120
12,1691060400.0,-0.9216521,120
13,1691064000.0,-0.9216521,120
14,1691067600.0,-0.85881436,120
15,1691071200.0,-0.8447641,120
16,1691074800.0,-0.8478779,120
17,1691078400.0,-0.7798743,120
18,1691082000.0,-0.6971343,120
19,1691085600.0,-0.8415749,120
20,1691089200.0,-0.92521197,120
21,1691092800.0,-0.9192134,120
22,1691096400.0,-0.9477688,120
23,1691100000.0,-1.0035632,120
0,1691017200.0,-0.9382076,125
1,1691020800.0,-0.98103726,125
2,1691024400.0,-0.943667,125
3,1691028000.0,-1.0434018,125
4,1691031600.0,-1.0434018,125
5,1691035200.0,-1.0462372,125
6,1691038800.0,-0.9526267,125
7,1691042400.0,-1.0342811,125
8,1691046000.0,-1.0288118,125
9,1691049600.0,-1.0222987,125
10,1691053200.0,-1.022434,125
11,1691056800.0,-1.0050069,125
12,1691060400.0,-0.92111444,125
13,1691064000.0,-0.92111444,125
14,1691067600.0,-0.9133751,125
15,1691071200.0,-0.89932483,125
16,1691074800.0,-0.9024385,125
17,1691078400.0,-0.8260708,125
18,1691082000.0,-0.7153834,125
19,1691085600.0,-0.85982406,125
20,1691089200.0,-0.96663564,125
21,1691092800.0,-1.0069532,125
22,1691096400.0,-1.080926,125
23,1691100000.0,-1.11963,125
0,1691017200.0,-0.7987004,127
1,1691020800.0,-0.8345526,127
2,1691024400.0,-0.83941317,127
3,1691028000.0,-0.95233905,127
4,1691031600.0,-0.96311545,127
5,1691035200.0,-0.941984,127
6,1691038800.0,-0.88751346,127
7,1691042400.0,-0.9782414,127
8,1691046000.0,-0.8813983,127
9,1691049600.0,-0.88560635,127
10,1691053200.0,-0.89536387,127
11,1691056800.0,-0.8751352,127
12,1691060400.0,-0.79255015,127
13,1691064000.0,-0.79255015,127
14,1691067600.0,-0.75758547,127
15,1691071200.0,-0.7435352,127
16,1691074800.0,-0.746649,127
17,1691078400.0,-0.71000516,127
18,1691082000.0,-0.63648766,127
19,1691085600.0,-0.7809283,127
20,1691089200.0,-0.85637176,127
21,1691092800.0,-0.87384546,127
22,1691096400.0,-0.8708603,127
23,1691100000.0,-0.95528466,127
0,1691017200.0,-0.91157407,128
1,1691020800.0,-0.97846603,128
2,1691024400.0,-0.98670787,128
3,1691028000.0,-1.1046522,128
4,1691031600.0,-1.1046522,128
5,1691035200.0,-1.0777507,128
6,1691038800.0,-0.9959433,128
7,1691042400.0,-1.1639479,128
8,1691046000.0,-1.035212,128
9,1691049600.0,-1.0584956,128
10,1691053200.0,-1.0654709,128
11,1691056800.0,-1.0287901,128
12,1691060400.0,-0.95311487,128
13,1691064000.0,-0.95311487,128
14,1691067600.0,-0.9580654,128
15,1691071200.0,-0.9568542,128
16,1691074800.0,-0.9599678,128
17,1691078400.0,-0.9096156,128
18,1691082000.0,-0.85335267,128
19,1691085600.0,-0.99779296,128
20,1691089200.0,-1.0723103,128
21,1691092800.0,-1.1024829,128
22,1691096400.0,-1.0951397,128
23,1691100000.0,-1.0202267,128
0,1691017200.0,-0.6981616,137
1,1691020800.0,-0.8389957,137
2,1691024400.0,-0.86558175,137
3,1691028000.0,-0.95820785,137
4,1691031600.0,-0.95820785,137
5,1691035200.0,-0.94513553,137
6,1691038800.0,-0.7628766,137
7,1691042400.0,-0.5813629,137
8,1691046000.0,-0.45480418,137
9,1691049600.0,-0.44501647,137
10,1691053200.0,-0.42775646,137
11,1691056800.0,-0.33853444,137
12,1691060400.0,-0.2169469,137
13,1691064000.0,-0.2169469,137
14,1691067600.0,-0.16249184,137
15,1691071200.0,-0.10120386,137
16,1691074800.0,-0.10431769,137
17,1691078400.0,-0.0130420495,137
18,1691082000.0,0.060475588,137
19,1691085600.0,-0.14512078,137
20,1691089200.0,-0.15713789,137
21,1691092800.0,-0.22874112,137
22,1691096400.0,-0.30271378,137
23,1691100000.0,-0.5229125,137
0,1691017200.0,-0.53503007,140
1,1691020800.0,-0.69484365,140
2,1691024400.0,-0.767216,140
3,1691028000.0,-0.8140003,140
4,1691031600.0,-0.8140003,140
5,1691035200.0,-0.72913265,140
6,1691038800.0,-0.11308485,140
7,1691042400.0,0.6149809,140
8,1691046000.0,0.8753377,140
9,1691049600.0,0.8976413,140
10,1691053200.0,0.8382235,140
11,1691056800.0,0.9274454,140
12,1691060400.0,0.9764026,140
13,1691064000.0,0.9764026,140
14,1691067600.0,1.0308577,140
15,1691071200.0,1.0449079,140
16,1691074800.0,1.0417941,140
17,1691078400.0,0.8558568,140
18,1691082000.0,0.8140303,140
19,1691085600.0,0.65207285,140
20,1691089200.0,0.3871976,140
21,1691092800.0,0.11583012,140
22,1691096400.0,-0.01733313,140
23,1691100000.0,-0.23090735,140
0,1691017200.0,-0.50590193,141
1,1691020800.0,-0.646736,141
2,1691024400.0,-0.7191084,141
3,1691028000.0,-0.83475155,141
4,1691031600.0,-0.83475155,141
5,1691035200.0,-0.82167876,141
6,1691038800.0,-0.50610834,141
7,1691042400.0,-0.32459468,141
8,1691046000.0,-0.13688952,141
9,1691049600.0,-0.26079977,141
10,1691053200.0,-0.27838704,141
11,1691056800.0,-0.18916537,141
12,1691060400.0,-0.06757789,141
13,1691064000.0,-0.06757789,141
14,1691067600.0,-0.013122744,141
15,1691071200.0,0.0009275152,141
16,1691074800.0,-0.002186348,141
17,1691078400.0,0.08908922,141
18,1691082000.0,0.22243778,141
19,1691085600.0,0.11081007,141
20,1691089200.0,0.015181849,141
21,1691092800.0,-0.025135782,141
22,1691096400.0,-0.09910841,141
23,1691100000.0,-0.27677387,141
0,1691017200.0,-0.24530943,142
1,1691020800.0,-0.48768964,142
2,1691024400.0,-0.6578827,142
3,1691028000.0,-0.7810178,142
4,1691031600.0,-0.7810178,142
5,1691035200.0,-0.7286406,142
6,1691038800.0,-0.39818358,142
7,1691042400.0,0.2214439,142
8,1691046000.0,0.54847145,142
9,1691049600.0,0.57077503,142
10,1691053200.0,0.650093,142
11,1691056800.0,0.7393147,142
12,1691060400.0,1.2070794,142
13,1691064000.0,1.2070794,142
14,1691067600.0,1.261534,142
15,1691071200.0,1.2717115,142
16,1691074800.0,1.2685978,142
17,1691078400.0,1.4129816,142
18,1691082000.0,1.697117,142
19,1691085600.0,1.5526767,142
20,1691089200.0,1.2464308,142
21,1691092800.0,1.206113,142
22,1691096400.0,1.003319,142
23,1691100000.0,0.5033042,142
0,1691017200.0,-0.21923426,143
1,1691020800.0,-0.6295798,143
2,1691024400.0,-0.74604857,143
3,1691028000.0,-0.8820542,143
4,1691031600.0,-0.8820542,143
5,1691035200.0,-0.77834547,143
6,1691038800.0,-0.4633747,143
7,1691042400.0,-0.06315268,143
8,1691046000.0,0.5699108,143
9,1691049600.0,0.6871679,143
10,1691053200.0,0.6838968,143
11,1691056800.0,1.0124266,143
12,1691060400.0,1.2414894,143
13,1691064000.0,1.2514546,143
14,1691067600.0,1.4556226,143
15,1691071200.0,1.4845679,143
16,1691074800.0,1.4814543,143
17,1691078400.0,1.7742579,143
18,1691082000.0,1.8789064,143
19,1691085600.0,1.6194879,143
20,1691089200.0,1.191371,143
21,1691092800.0,1.1510533,143
22,1691096400.0,0.9517125,143
23,1691100000.0,0.103350356,143
0,1691017200.0,-0.80562896,144
1,1691020800.0,-0.8755689,144
2,1691024400.0,-0.892442,144
3,1691028000.0,-1.0080849,144
4,1691031600.0,-1.0080849,144
5,1691035200.0,-0.9950126,144
6,1691038800.0,-0.8925105,144
7,1691042400.0,-0.9225573,144
8,1691046000.0,-0.9058888,144
9,1691049600.0,-0.9510704,144
10,1691053200.0,-0.96006024,144
11,1691056800.0,-0.9699125,144
12,1691060400.0,-0.8649531,144
13,1691064000.0,-0.8649531,144
14,1691067600.0,-0.8497056,144
15,1691071200.0,-0.83565533,144
16,1691074800.0,-0.8337476,144
17,1691078400.0,-0.74648356,144
18,1691082000.0,-0.68032044,144
19,1691085600.0,-0.8247611,144
20,1691089200.0,-0.9203889,144
21,1691092800.0,-0.9607065,144
22,1691096400.0,-1.028861,144
23,1691100000.0,-1.0667278,144
0,1691017200.0,-0.64539945,148
1,1691020800.0,-0.7319844,148
2,1691024400.0,-0.80435675,148
3,1691028000.0,-0.8939232,148
4,1691031600.0,-0.8939232,148
5,1691035200.0,-0.8808507,148
6,1691038800.0,-0.65026903,148
7,1691042400.0,-0.46875545,148
8,1691046000.0,-0.26002425,148
9,1691049600.0,-0.2377206,148
10,1691053200.0,-0.19430728,148
11,1691056800.0,-0.105085686,148
12,1691060400.0,0.082398936,148
13,1691064000.0,0.082398936,148
14,1691067600.0,0.13685407,148
15,1691071200.0,0.15090434,148
16,1691074800.0,0.2073062,148
17,1691078400.0,0.2985818,148
18,1691082000.0,0.3720995,148
19,1691085600.0,0.1681432,148
20,1691089200.0,0.004096703,148
21,1691092800.0,-0.03622095,148
22,1691096400.0,-0.14377461,148
23,1691100000.0,-0.37208748,148
0,1691017200.0,-0.5128627,151
1,1691020800.0,-0.6267671,151
2,1691024400.0,-0.6991395,151
3,1691028000.0,-0.85518855,151
4,1691031600.0,-0.9397094,151
5,1691035200.0,-0.94713396,151
6,1691038800.0,-0.8938754,151
7,1691042400.0,-0.84515953,151
8,1691046000.0,-0.65745425,151
9,1691049600.0,-0.6131255,151
10,1691053200.0,-0.5504475,151
11,1691056800.0,-0.44854093,151
12,1691060400.0,-0.27029207,151
13,1691064000.0,-0.2588556,151
14,1691067600.0,-0.20440046,151
15,1691071200.0,-0.19035019,151
16,1691074800.0,-0.19346413,151
17,1691078400.0,-0.10218859,151
18,1691082000.0,0.058059245,151
19,1691085600.0,-0.057808693,151
20,1691089200.0,-0.15343682,151
21,1691092800.0,-0.19375424,151
22,1691096400.0,-0.24101613,151
23,1691100000.0,-0.4186823,151
0,1691017200.0,0.08642729,152
1,1691020800.0,-0.14850405,152
2,1691024400.0,-0.22087619,152
3,1691028000.0,-0.5584649,152
4,1691031600.0,-0.9483502,152
5,1691035200.0,-1.1991401,152
6,1691038800.0,-1.0642319,152
7,1691042400.0,-1.0402131,152
8,1691046000.0,-0.8525078,152
9,1691049600.0,-0.83020437,152
10,1691053200.0,-0.7867912,152
11,1691056800.0,-0.7411293,152
12,1691060400.0,-0.49421766,152
13,1691064000.0,-0.49421766,152
14,1691067600.0,-0.39620224,152
15,1691071200.0,-0.382152,152
16,1691074800.0,-0.38526607,152
17,1691078400.0,-0.32184535,152
18,1691082000.0,-0.0960315,152
19,1691085600.0,-0.10978073,152
20,1691089200.0,-0.149507,152
21,1691092800.0,-0.15738682,152
22,1691096400.0,-0.053022783,152
23,1691100000.0,-0.006699643,152
0,1691017200.0,-0.52645767,158
1,1691020800.0,-0.66729176,158
2,1691024400.0,-0.73966414,158
3,1691028000.0,-0.9067462,158
4,1691031600.0,-0.94971013,158
5,1691035200.0,-1.0092936,158
6,1691038800.0,-0.9117746,158
7,1691042400.0,-0.76485914,158
8,1691046000.0,-0.5771539,158
9,1691049600.0,-0.55485034,158
10,1691053200.0,-0.5269407,158
11,1691056800.0,-0.43771905,158
12,1691060400.0,-0.3161312,158
13,1691064000.0,-0.3161312,158
14,1691067600.0,-0.2616761,158
15,1691071200.0,-0.23323946,158
16,1691074800.0,-0.2363534,158
17,1691078400.0,-0.14507778,158
18,1691082000.0,0.029316816,158
19,1691085600.0,-0.11512378,158
20,1691089200.0,-0.21075182,158
21,1691092800.0,-0.25106934,158
22,1691096400.0,-0.32504192,158
23,1691100000.0,-0.502708,158
0,1691017200.0,-0.45003885,161
1,1691020800.0,-0.805427,161
2,1691024400.0,-0.8924197,161
3,1691028000.0,-1.00375,161
4,1691031600.0,-1.00375,161
5,1691035200.0,-0.7087778,161
6,1691038800.0,0.34554648,161
7,1691042400.0,1.575879,161
8,1691046000.0,2.1796193,161
9,1691049600.0,2.324974,161
10,1691053200.0,2.1972017,161
11,1691056800.0,2.6898453,161
12,1691060400.0,2.8794563,161
13,1691064000.0,2.8794563,161
14,1691067600.0,2.807208,161
15,1691071200.0,2.8173857,161
16,1691074800.0,2.9636467,161
17,1691078400.0,2.7961218,161
18,1691082000.0,2.8477736,161
19,1691085600.0,2.4307168,161
20,1691089200.0,1.8486627,161
21,1691092800.0,1.4299963,161
22,1691096400.0,1.2319409,161
23,1691100000.0,0.5170289,161
0,1691017200.0,-0.23071946,162
1,1691020800.0,-0.5694418,162
2,1691024400.0,-0.7093755,162
3,1691028000.0,-0.82501864,162
4,1691031600.0,-0.82501864,162
5,1691035200.0,-0.6817358,162
6,1691038800.0,0.012676297,162
7,1691042400.0,1.2703117,162
8,1691046000.0,1.8112441,162
9,1691049600.0,1.8335475,162
10,1691053200.0,1.5828518,162
11,1691056800.0,1.5129179,162
12,1691060400.0,1.8214325,162
13,1691064000.0,1.8214325,162
14,1691067600.0,1.8758875,162
15,1691071200.0,1.8611957,162
16,1691074800.0,1.858082,162
17,1691078400.0,2.0099518,162
18,1691082000.0,2.1573226,162
19,1691085600.0,2.0128825,162
20,1691089200.0,1.7423165,162
21,1691092800.0,1.5903256,162
22,1691096400.0,0.8484857,162
23,1691100000.0,0.25572485,162
0,1691017200.0,-0.46034852,163
1,1691020800.0,-0.7394873,163
2,1691024400.0,-0.86354923,163
3,1691028000.0,-1.017791,163
4,1691031600.0,-1.017791,163
5,1691035200.0,-0.9612317,163
6,1691038800.0,-0.64124966,163
7,1691042400.0,-0.23224051,163
8,1691046000.0,0.23325694,163
9,1691049600.0,0.6015825,163
10,1691053200.0,0.8650748,163
11,1691056800.0,0.98517954,163
12,1691060400.0,1.3086834,163
13,1691064000.0,1.3086834,163
14,1691067600.0,1.3631384,163
15,1691071200.0,1.3771887,163
16,1691074800.0,1.374075,163
17,1691078400.0,1.4653506,163
18,1691082000.0,1.6024741,163
19,1691085600.0,1.4026538,163
20,1691089200.0,0.8489334,163
21,1691092800.0,0.7048706,163
22,1691096400.0,0.404465,163
23,1691100000.0,-0.02034731,163
0,1691017200.0,-0.15497412,164
1,1691020800.0,-0.49556336,164
2,1691024400.0,-0.6351369,164
3,1691028000.0,-0.78856665,164
4,1691031600.0,-0.8085996,164
5,1691035200.0,-0.79705155,164
6,1691038800.0,-0.5887118,164
7,1691042400.0,-0.220291,164
8,1691046000.0,0.21666488,164
9,1691049600.0,0.49591786,164
10,1691053200.0,0.5393312,164
11,1691056800.0,0.7513975,164
12,1691060400.0,1.0213045,164
13,1691064000.0,1.0213045,164
14,1691067600.0,1.1259502,164
15,1691071200.0,1.1400005,164
16,1691074800.0,1.1368866,164
17,1691078400.0,1.2821069,164
18,1691082000.0,1.3507323,164
19,1691085600.0,1.2131046,164
20,1691089200.0,1.0955414,164
21,1691092800.0,1.0179173,164
22,1691096400.0,0.87061936,164
23,1691100000.0,0.5660867,164
0,1691017200.0,-0.15855609,166
1,1691020800.0,-0.500903,166
2,1691024400.0,-0.7169086,166
3,1691028000.0,-0.8325517,166
4,1691031600.0,-0.8325517,166
5,1691035200.0,-0.7738291,166
6,1691038800.0,-0.32030958,166
7,1691042400.0,0.3216262,166
8,1691046000.0,0.9859248,166
9,1691049600.0,1.1595051,166
10,1691053200.0,1.247286,166
11,1691056800.0,1.0609778,166
12,1691060400.0,1.4920714,166
13,1691064000.0,1.4920714,166
14,1691067600.0,1.608277,166
15,1691071200.0,1.6184458,166
16,1691074800.0,1.6126678,166
17,1691078400.0,1.7855821,166
18,1691082000.0,1.9216123,166
19,1691085600.0,1.7844383,166
20,1691089200.0,1.6685071,166
21,1691092800.0,1.5891333,166
22,1691096400.0,1.2191772,166
23,1691100000.0,0.5063326,166
0,1691017200.0,-0.7381392,170
1,1691020800.0,-0.8311318,170
2,1691024400.0,-0.8758931,170
3,1691028000.0,-0.9801526,170
4,1691031600.0,-0.9801526,170
5,1691035200.0,-0.9670803,170
6,1691038800.0,-0.83333015,170
7,1691042400.0,-0.71082574,170
8,1691046000.0,-0.49149755,170
9,1691049600.0,-0.5408398,170
10,1691053200.0,-0.64639115,170
11,1691056800.0,-0.6046784,170
12,1691060400.0,-0.48309085,170
13,1691064000.0,-0.48309085,170
14,1691067600.0,-0.42863587,170
15,1691071200.0,-0.4145856,170
16,1691074800.0,-0.41769952,170
17,1691078400.0,-0.32642353,170
18,1691082000.0,-0.2953441,170
19,1691085600.0,-0.51179576,170
20,1691089200.0,-0.60742396,170
21,1691092800.0,-0.6477417,170
22,1691096400.0,-0.7033233,170
23,1691100000.0,-0.8247127,170
0,1691017200.0,-0.38501146,186
1,1691020800.0,-0.7562348,186
2,1691024400.0,-0.8190333,186
3,1691028000.0,-0.96446824,186
4,1691031600.0,-0.96446824,186
5,1691035200.0,-0.7242954,186
6,1691038800.0,0.3424063,186
7,1691042400.0,0.8288554,186
8,1691046000.0,0.7053567,186
9,1691049600.0,0.8916781,186
10,1691053200.0,0.9759795,186
11,1691056800.0,0.774473,186
12,1691060400.0,1.1982846,186
13,1691064000.0,1.1982846,186
14,1691067600.0,1.2671636,186
15,1691071200.0,1.2812139,186
16,1691074800.0,1.2636763,186
17,1691078400.0,1.3693758,186
18,1691082000.0,1.5023425,186
19,1691085600.0,1.3579019,186
20,1691089200.0,1.0496031,186
21,1691092800.0,0.66149193,186
22,1691096400.0,0.36780515,186
23,1691100000.0,0.050000325,186
0,1691017200.0,-0.8195918,202
1,1691020800.0,-0.87550956,202
2,1691024400.0,-0.8578533,202
3,1691028000.0,-0.9734962,202
4,1691031600.0,-0.9734962,202
5,1691035200.0,-0.9604239,202
6,1691038800.0,-0.8870796,202
7,1691042400.0,-0.9731663,202
8,1691046000.0,-0.90856445,202
9,1691049600.0,-0.9071114,202
10,1691053200.0,-0.9438983,202
11,1691056800.0,-0.87846714,202
12,1691060400.0,-0.8182537,202
13,1691064000.0,-0.8182537,202
14,1691067600.0,-0.7802273,202
15,1691071200.0,-0.76617706,202
16,1691074800.0,-0.76929086,202
17,1691078400.0,-0.7567205,202
18,1691082000.0,-0.68320304,202
19,1691085600.0,-0.8276435,202
20,1691089200.0,-0.89731604,202
21,1691092800.0,-0.9615413,202
22,1691096400.0,-0.9740511,202
23,1691100000.0,-0.99791497,202
0,1691017200.0,-0.70839286,209
1,1691020800.0,-0.793852,209
2,1691024400.0,-0.8229928,209
3,1691028000.0,-0.9269849,209
4,1691031600.0,-0.9269849,209
5,1691035200.0,-0.9139123,209
6,1691038800.0,-0.84031725,209
7,1691042400.0,-0.8698197,209
8,1691046000.0,-0.8085487,209
9,1691049600.0,-0.82807624,209
10,1691053200.0,-0.82981426,209
11,1691056800.0,-0.8080615,209
12,1691060400.0,-0.7489482,209
13,1691064000.0,-0.7489482,209
14,1691067600.0,-0.7337007,209
15,1691071200.0,-0.71965045,209
16,1691074800.0,-0.72276425,209
17,1691078400.0,-0.67141795,209
18,1691082000.0,-0.58445704,209
19,1691085600.0,-0.72889763,209
20,1691089200.0,-0.7380309,209
21,1691092800.0,-0.75126785,209
22,1691096400.0,-0.7927327,209
23,1691100000.0,-0.8824058,209
0,1691017200.0,-0.52255774,211
1,1691020800.0,-0.6633919,211
2,1691024400.0,-0.77568865,211
3,1691028000.0,-0.8568339,211
4,1691031600.0,-0.8850468,211
5,1691035200.0,-0.93081456,211
6,1691038800.0,-0.84224117,211
7,1691042400.0,-0.85402304,211
8,1691046000.0,-0.68493843,211
9,1691049600.0,-0.6100971,211
10,1691053200.0,-0.5248903,211
11,1691056800.0,-0.39332697,211
12,1691060400.0,-0.27173933,211
13,1691064000.0,-0.27173933,211
14,1691067600.0,-0.21728422,211
15,1691071200.0,-0.20323394,211
16,1691074800.0,-0.24828747,211
17,1691078400.0,-0.15701194,211
18,1691082000.0,-0.061876107,211
19,1691085600.0,-0.1590194,211
20,1691089200.0,-0.25464755,211
21,1691092800.0,-0.29496512,211
22,1691096400.0,-0.3689377,211
23,1691100000.0,-0.494126,211
0,1691017200.0,-0.7423,224
1,1691020800.0,-0.8389564,224
2,1691024400.0,-0.8535347,224
3,1691028000.0,-0.9541966,224
4,1691031600.0,-0.9541966,224
5,1691035200.0,-0.94112414,224
6,1691038800.0,-0.8279704,224
7,1691042400.0,-0.8924221,224
8,1691046000.0,-0.9061209,224
9,1691049600.0,-0.88381726,224
10,1691053200.0,-0.85684276,224
11,1691056800.0,-0.81607866,224
12,1691060400.0,-0.7462844,224
13,1691064000.0,-0.7462844,224
14,1691067600.0,-0.6918294,224
15,1691071200.0,-0.67777914,224
16,1691074800.0,-0.68089294,224
17,1691078400.0,-0.59735787,224
18,1691082000.0,-0.5146172,224
19,1691085600.0,-0.6590578,224
20,1691089200.0,-0.6764822,224
21,1691092800.0,-0.68462723,224
22,1691096400.0,-0.7464304,224
23,1691100000.0,-0.8564898,224
0,1691017200.0,-0.323485,229
1,1691020800.0,-0.5979711,229
2,1691024400.0,-0.6551477,229
3,1691028000.0,-0.7939731,229
4,1691031600.0,-0.7939731,229
5,1691035200.0,-0.73014677,229
6,1691038800.0,-0.5559476,229
7,1691042400.0,-0.21669346,229
8,1691046000.0,0.23604925,229
9,1691049600.0,0.35111818,229
10,1691053200.0,0.33939308,229
11,1691056800.0,0.42861483,229
12,1691060400.0,0.5502023,229
13,1691064000.0,0.5502023,229
14,1691067600.0,0.6046575,229
15,1691071200.0,0.6187077,229
16,1691074800.0,0.61559385,229
17,1691078400.0,0.95288473,229
18,1691082000.0,1.1744769,229
19,1691085600.0,1.0617808,229
20,1691089200.0,1.0125917,229
21,1691092800.0,0.9722744,229
22,1691096400.0,0.631114,229
23,1691100000.0,0.2712547,229
0,1691017200.0,-0.005537656,230
1,1691020800.0,-0.55705434,230
2,1691024400.0,-0.78245044,230
3,1691028000.0,-0.95154166,230
4,1691031600.0,-0.95154166,230
5,1691035200.0,-0.9384689,230
6,1691038800.0,-0.41696224,230
7,1691042400.0,0.032384604,230
8,1691046000.0,0.5170491,230
9,1691049600.0,0.6944927,230
10,1691053200.0,0.807556,230
11,1691056800.0,0.665665,230
12,1691060400.0,0.62751454,230
13,1691064000.0,0.8401626,230
14,1691067600.0,0.7588834,230
15,1691071200.0,0.7405688,230
16,1691074800.0,0.787108,230
17,1691078400.0,0.5890044,230
18,1691082000.0,1.0852509,230
19,1691085600.0,0.94807696,230
20,1691089200.0,0.4853075,230
21,1691092800.0,0.4449899,230
22,1691096400.0,0.3710176,230
23,1691100000.0,0.38604796,230
0,1691017200.0,-0.4424742,231
1,1691020800.0,-0.6032648,231
2,1691024400.0,-0.70694876,231
3,1691028000.0,-0.8249049,231
4,1691031600.0,-0.8249049,231
5,1691035200.0,-0.81183213,231
6,1691038800.0,-0.5957541,231
7,1691042400.0,-0.2876763,231
8,1691046000.0,-0.09997113,231
9,1691049600.0,-0.077667564,231
10,1691053200.0,-0.034254387,231
11,1691056800.0,-0.0064992453,231
12,1691060400.0,0.115088254,231
13,1691064000.0,0.115088254,231
14,1691067600.0,0.16954334,231
15,1691071200.0,0.18359365,231
16,1691074800.0,0.18047974,231
17,1691078400.0,0.27175534,231
18,1691082000.0,0.39448506,231
19,1691085600.0,0.2778259,231
20,1691089200.0,0.18219768,231
21,1691092800.0,0.14188011,231
22,1691096400.0,0.06790751,231
23,1691100000.0,-0.10975813,231
0,1691017200.0,-0.327203,232
1,1691020800.0,-0.62798136,232
2,1691024400.0,-0.7426655,232
3,1691028000.0,-0.85719806,232
4,1691031600.0,-0.8583087,232
5,1691035200.0,-0.8452359,232
6,1691038800.0,-0.54374105,232
7,1691042400.0,-0.0707243,232
8,1691046000.0,0.16795363,232
9,1691049600.0,0.46327093,232
10,1691053200.0,0.7649012,232
11,1691056800.0,0.9721936,232
12,1691060400.0,1.1605394,232
13,1691064000.0,1.1605394,232
14,1691067600.0,1.3406149,232
15,1691071200.0,1.4478265,232
16,1691074800.0,1.4037157,232
17,1691078400.0,1.4866682,232
18,1691082000.0,1.5601859,232
19,1691085600.0,1.261306,232
20,1691089200.0,0.99066526,232
21,1691092800.0,0.95034754,232
22,1691096400.0,0.6251263,232
23,1691100000.0,0.14712957,232
0,1691017200.0,-0.8139927,233
1,1691020800.0,-0.91536754,233
2,1691024400.0,-0.9370467,233
3,1691028000.0,-1.0526896,233
4,1691031600.0,-1.0526896,233
5,1691035200.0,-1.0511795,233
6,1691038800.0,-0.9883585,233
7,1691042400.0,-1.045224,233
8,1691046000.0,-0.97912383,233
9,1691049600.0,-0.95682,233
10,1691053200.0,-0.9540466,233
11,1691056800.0,-0.86482483,233
12,1691060400.0,-0.7432373,233
13,1691064000.0,-0.7432373,233
14,1691067600.0,-0.68878216,233
15,1691071200.0,-0.6747319,233
16,1691074800.0,-0.6778457,233
17,1691078400.0,-0.60396427,233
18,1691082000.0,-0.5304467,233
19,1691085600.0,-0.6748873,233
20,1691089200.0,-0.737612,233
21,1691092800.0,-0.77792966,233
22,1691096400.0,-0.82119775,233
23,1691100000.0,-0.85761094,233
0,1691017200.0,-0.5015498,234
1,1691020800.0,-0.65727675,234
2,1691024400.0,-0.7584074,234
3,1691028000.0,-0.84758013,234
4,1691031600.0,-0.86416125,234
5,1691035200.0,-0.8173081,234
6,1691038800.0,-0.6225582,234
7,1691042400.0,-0.3470848,234
8,1691046000.0,0.059715718,234
9,1691049600.0,0.08201938,234
10,1691053200.0,0.017841237,234
11,1691056800.0,0.03448679,234
12,1691060400.0,0.15607435,234
13,1691064000.0,0.15607435,234
14,1691067600.0,0.20976749,234
15,1691071200.0,0.21752177,234
16,1691074800.0,0.2368923,234
17,1691078400.0,0.3747713,234
18,1691082000.0,0.44573098,234
19,1691085600.0,0.31090558,234
20,1691089200.0,0.18449357,234
21,1691092800.0,0.144176,234
22,1691096400.0,-0.01934801,234
23,1691100000.0,-0.27434555,234
0,1691017200.0,-0.28089666,236
1,1691020800.0,-0.49238673,236
2,1691024400.0,-0.6622306,236
3,1691028000.0,-0.8537693,236
4,1691031600.0,-0.8537693,236
5,1691035200.0,-0.8501239,236
6,1691038800.0,-0.6584383,236
7,1691042400.0,-0.19998536,236
8,1691046000.0,0.34907758,236
9,1691049600.0,0.44388676,236
10,1691053200.0,0.74012524,236
11,1691056800.0,0.8293471,236
12,1691060400.0,1.2633702,236
13,1691064000.0,1.2633702,236
14,1691067600.0,1.3178252,236
15,1691071200.0,1.3318754,236
16,1691074800.0,1.3287618,236
17,1691078400.0,1.4200374,236
18,1691082000.0,1.7002369,236
19,1691085600.0,1.5557965,236
20,1691089200.0,1.2785964,236
21,1691092800.0,1.0344949,236
22,1691096400.0,0.63508093,236
23,1691100000.0,0.20325102,236
0,1691017200.0,-0.42323878,237
1,1691020800.0,-0.63553303,237
2,1691024400.0,-0.7079054,237
3,1691028000.0,-0.8369715,237
4,1691031600.0,-0.8369715,237
5,1691035200.0,-0.7580971,237
6,1691038800.0,-0.35223606,237
7,1691042400.0,0.493109,237
8,1691046000.0,1.1858081,237
9,1691049600.0,1.2081119,237
10,1691053200.0,1.1511797,237
11,1691056800.0,1.702233,237
12,1691060400.0,1.7484318,237
13,1691064000.0,1.7484318,237
14,1691067600.0,2.100671,237
15,1691071200.0,2.4747603,237
16,1691074800.0,2.1116073,237
17,1691078400.0,2.113643,237
18,1691082000.0,2.0876758,237
19,1691085600.0,1.3296669,237
20,1691089200.0,0.43116108,237
21,1691092800.0,0.5927383,237
22,1691096400.0,-0.0011016056,237
23,1691100000.0,-0.57930624,237
0,1691017200.0,-0.4910453,238
1,1691020800.0,-0.74079835,238
2,1691024400.0,-0.8131706,238
3,1691028000.0,-0.9288138,238
4,1691031600.0,-0.9288138,238
5,1691035200.0,-0.8531122,238
6,1691038800.0,-0.4467494,238
7,1691042400.0,0.56570446,238
8,1691046000.0,1.6998547,238
9,1691049600.0,1.786689,238
10,1691053200.0,1.9596708,238
11,1691056800.0,2.776435,238
12,1691060400.0,3.1188083,238
13,1691064000.0,3.1188083,238
14,1691067600.0,3.173073,238
15,1691071200.0,3.2883487,238
16,1691074800.0,3.1503375,238
17,1691078400.0,2.8665192,238
18,1691082000.0,3.1309407,238
19,1691085600.0,2.8438249,238
20,1691089200.0,1.7811131,238
21,1691092800.0,1.7588327,238
22,1691096400.0,1.2944844,238
23,1691100000.0,0.25652993,238
0,1691017200.0,-0.43881273,239
1,1691020800.0,-0.6559031,239
2,1691024400.0,-0.72827536,239
3,1691028000.0,-0.83826804,239
4,1691031600.0,-0.83826804,239
5,1691035200.0,-0.8149341,239
6,1691038800.0,-0.5045903,239
7,1691042400.0,-0.044797175,239
8,1691046000.0,0.3340003,239
9,1691049600.0,0.27027246,239
10,1691053200.0,0.33424187,239
11,1691056800.0,0.4769616,239
12,1691060400.0,0.6243993,239
13,1691064000.0,0.6243993,239
14,1691067600.0,0.88584816,239
15,1691071200.0,0.9289872,239
16,1691074800.0,0.9258734,239
17,1691078400.0,1.0171489,239
18,1691082000.0,1.0880638,239
19,1691085600.0,0.87197906,239
20,1691089200.0,0.63723665,239
21,1691092800.0,0.5969191,239
22,1691096400.0,0.33683318,239
23,1691100000.0,-0.017855262,239
0,1691017200.0,-0.29120806,243
1,1691020800.0,-0.55317265,243
2,1691024400.0,-0.63463724,243
3,1691028000.0,-0.7502804,243
4,1691031600.0,-0.7502804,243
5,1691035200.0,-0.7172649,243
6,1691038800.0,-0.45125642,243
7,1691042400.0,-0.13296705,243
8,1691046000.0,0.13176328,243
9,1691049600.0,0.19884588,243
10,1691053200.0,0.2780007,243
11,1691056800.0,0.36722243,243
12,1691060400.0,0.4809323,243
13,1691064000.0,0.4809323,243
14,1691067600.0,0.6359985,243
15,1691071200.0,0.7395027,243
16,1691074800.0,0.7363889,243
17,1691078400.0,0.9088266,243
18,1691082000.0,1.0470735,243
19,1691085600.0,0.9094455,243
20,1691089200.0,0.76604426,243
21,1691092800.0,0.72572666,243
22,1691096400.0,0.6090266,243
23,1691100000.0,0.21784966,243
0,1691017200.0,-0.7764885,244
1,1691020800.0,-0.8310399,244
2,1691024400.0,-0.77643317,244
3,1691028000.0,-0.8802375,244
4,1691031600.0,-0.8802375,244
5,1691035200.0,-0.8671653,244
6,1691038800.0,-0.8561409,244
7,1691042400.0,-0.93312293,244
8,1691046000.0,-0.9237399,244
9,1691049600.0,-0.9882437,244
10,1691053200.0,-1.0062207,244
11,1691056800.0,-0.9590496,244
12,1691060400.0,-0.86383146,244
13,1691064000.0,-0.86383146,244
14,1691067600.0,-0.84883815,244
15,1691071200.0,-0.8347879,244
16,1691074800.0,-0.8379017,244
17,1691078400.0,-0.81225795,244
18,1691082000.0,-0.73874044,244
19,1691085600.0,-0.86644065,244
20,1691089200.0,-0.92539555,244
21,1691092800.0,-0.9410864,244
22,1691096400.0,-0.84687275,244
23,1691100000.0,-0.8540623,244
0,1691017200.0,-0.7804688,246
1,1691020800.0,-0.8552649,246
2,1691024400.0,-0.8948636,246
3,1691028000.0,-0.9977632,246
4,1691031600.0,-0.9977632,246
5,1691035200.0,-0.9846907,246
6,1691038800.0,-0.87195617,246
7,1691042400.0,-0.90312314,246
8,1691046000.0,-0.85497177,246
9,1691049600.0,-0.8859789,246
10,1691053200.0,-0.92683095,246
11,1691056800.0,-0.90233546,246
12,1691060400.0,-0.8248145,246
13,1691064000.0,-0.8248145,246
14,1691067600.0,-0.809567,246
15,1691071200.0,-0.7955167,246
16,1691074800.0,-0.79863054,246
17,1691078400.0,-0.79668456,246
18,1691082000.0,-0.72316706,246
19,1691085600.0,-0.86523145,246
20,1691089200.0,-0.9152805,246
21,1691092800.0,-0.8850775,246
22,1691096400.0,-0.91986084,246
23,1691100000.0,-0.9706494,246
0,1691017200.0,-0.55252284,249
1,1691020800.0,-0.693357,249
2,1691024400.0,-0.7425564,249
3,1691028000.0,-0.8538866,249
4,1691031600.0,-0.9038759,249
5,1691035200.0,-0.91904783,249
6,1691038800.0,-0.68646544,249
7,1691042400.0,-0.5157136,249
8,1691046000.0,0.051861152,249
9,1691049600.0,0.13216446,249
10,1691053200.0,0.2716353,249
11,1691056800.0,0.26479945,249
12,1691060400.0,0.44791073,249
13,1691064000.0,0.47289842,249
14,1691067600.0,0.5273536,249
15,1691071200.0,0.54140383,249
16,1691074800.0,0.53828996,249
17,1691078400.0,0.72794265,249
18,1691082000.0,1.1918726,249
19,1691085600.0,0.6902253,249
20,1691089200.0,0.3881564,249
21,1691092800.0,0.13783959,249
22,1691096400.0,-0.17245948,249
23,1691100000.0,-0.35012496,249
0,1691017200.0,0.08281942,261
1,1691020800.0,-0.27913266,261
2,1691024400.0,-0.53939784,261
3,1691028000.0,-0.7628001,261
4,1691031600.0,-0.86741877,261
5,1691035200.0,-0.88731134,261
6,1691038800.0,-0.7222339,261
7,1691042400.0,-0.59716094,261
8,1691046000.0,-0.35497835,261
9,1691049600.0,-0.33267468,261
10,1691053200.0,-0.3281194,261
11,1691056800.0,-0.23889777,261
12,1691060400.0,-0.10909115,261
13,1691064000.0,-0.088037595,261
14,1691067600.0,-0.0178179,261
15,1691071200.0,-0.0055053383,261
16,1691074800.0,-0.0063901935,261
17,1691078400.0,0.39608622,261
18,1691082000.0,0.5505526,261
19,1691085600.0,0.5531893,261
20,1691089200.0,0.65671176,261
21,1691092800.0,0.61272347,261
22,1691096400.0,0.53875124,261
23,1691100000.0,0.20072395,261
0,1691017200.0,-0.6940911,262
1,1691020800.0,-0.8127068,262
2,1691024400.0,-0.8404297,262
3,1691028000.0,-0.9425118,262
4,1691031600.0,-0.9425118,262
5,1691035200.0,-0.92943925,262
6,1691038800.0,-0.81938577,262
7,1691042400.0,-0.88098264,262
8,1691046000.0,-0.7913674,262
9,1691049600.0,-0.6780812,262
10,1691053200.0,-0.6328122,262
11,1691056800.0,-0.5435905,262
12,1691060400.0,-0.42200306,262
13,1691064000.0,-0.42200306,262
14,1691067600.0,-0.40675554,262
15,1691071200.0,-0.39270526,262
16,1691074800.0,-0.44907266,262
17,1691078400.0,-0.4184155,262
18,1691082000.0,-0.3448977,262
19,1691085600.0,-0.48933864,262
20,1691089200.0,-0.5748603,262
21,1691092800.0,-0.61517787,262
22,1691096400.0,-0.6816522,262
23,1691100000.0,-0.7685076,262
0,1691017200.0,-0.61063606,263
1,1691020800.0,-0.71074533,263
2,1691024400.0,-0.7831177,263
3,1691028000.0,-0.89318436,263
4,1691031600.0,-0.89318436,263
5,1691035200.0,-0.77364194,263
6,1691038800.0,-0.5536708,263
7,1691042400.0,-0.3339794,263
8,1691046000.0,-0.14627427,263
9,1691049600.0,-0.12397061,263
10,1691053200.0,-0.08055735,263
11,1691056800.0,0.008664341,263
12,1691060400.0,0.13025188,263
13,1691064000.0,0.13025188,263
14,1691067600.0,0.184707,263
15,1691071200.0,0.19875728,263
16,1691074800.0,0.1956434,263
17,1691078400.0,0.286919,263
18,1691082000.0,0.32272375,263
19,1691085600.0,0.17828323,263
20,1691089200.0,0.082654975,263
21,1691092800.0,-0.0188067,263
22,1691096400.0,-0.10397966,263
23,1691100000.0,-0.26526308,263
